,tasty,name,price,target,category,coffee
0,견과류&고소,과테말라 파노라마,"13,000원
200g","['3일 내 볶은 원두만 배송', '산미가 없어요', '싱글 오리진', '미디엄 다크 로스팅']","['핸드드립', '에스프레소머신', '블랙 그대로']","['버번 (Bourbon)', '파노라마 (Panorama)']"
1,견과류&밸런스,과테말라 우에우에테낭고 디카페인,"14,000원
200g","['3일 내 볶은 원두만 배송', '디카페인', '산미가 없어요', '싱글 오리진', '미디엄 로스팅']","['핸드드립', '에스프레소머신', '블랙 그대로']","['티피카 (Typica)', '우에우에테낭고 (Norte de huehuetenango)']"
2,과일&꽃향기,과테말라 산타펠리사 게이샤,"22,000원
200g","['3일 내 볶은 원두만 배송', '약한 산미', '싱글 오리진', '라이트 미디엄 로스팅']","['핸드드립', '에스프레소머신', '블랙 그대로']","['게이샤2722 (Geisha2722)', '산타펠리사 (Santafelisa)']"
3,과일&화사한,에티오피아 반티넨카,"14,000원
200g","['3일 내 볶은 원두만 배송', '가벼운 산미', '싱글 오리진', '라이트 미디엄 로스팅', '직접 무역']","['핸드드립', '에스프레소머신', '블랙 그대로']","['에티오피아', '토착종 (Heirloom)', '반티넨카 (Bantinenka)']"
4,과일&달콤,콜롬비아 라 미란다3 패션후르츠,"22,000원
200g","['3일 내 볶은 원두만 배송', '산미가 없어요', '싱글 오리진', '라이트 미디엄 로스팅', '직접 무역']","['핸드드립', '에스프레소머신', '블랙 그대로']","['핑크 버번 (Pink Bourbon)', '라 미란다3 (La Miranda3)']"
5,과일&풍부한,콜롬비아 리치피치,"21,000원
200g","['3일 내 볶은 원두만 배송', '산미가 없어요', '싱글 오리진', '라이트 미디엄 로스팅']",[],"['버번 (Bourbon)', '엘 파라이소 (El Paraiso)']"
6,과일&달콤,콜롬비아 만델라 하이브리드 워시드,"15,000원
200g","['3일 내 볶은 원두만 배송', '약한 산미', '싱글 오리진', '라이트 미디엄 로스팅']","['핸드드립', '블랙 그대로']","['콜롬비아', 'Mandela', '라 에스페란자 (La Esperanza)']"
7,고소&초콜릿,브라질 CC워터 디카페인,"14,000원
200g","['3일 내 볶은 원두만 배송', '디카페인', '산미가 없어요', '싱글 오리진', '미디엄 다크 로스팅']","['핸드드립', '에어로프레스', '블랙 그대로']","['브라질', '문도노보,카투아이,버번 (Mundo Novo, Catuai, Bourbon)', '미나스 제라스 (Minas gerais)']"
8,견과류&달콤,브라질 산타루시아,"13,000원
200g","['3일 내 볶은 원두만 배송', '약한 산미', '싱글 오리진', '미디엄 로스팅']","['핸드드립', '모카포트', '블랙 그대로']","['브라질', '엘로우버번(Yellow Bourbon)', '산타루시아(Santa Lucia)']"
9,과일&풍부한,코스타리카 로스 토노스,"20,000원
200g","['3일 내 볶은 원두만 배송', '약한 산미', '싱글 오리진', '라이트 미디엄 로스팅']","['핸드드립', '모카포트', '블랙 그대로']","['코스타리카', '밀레니오 (Milenio)', '로스 토노스 (Los Tonos)']"
10,과일&달콤,콜롬비아 엘 엔칸토 레드 펀치,"24,000원
200g","['3일 내 볶은 원두만 배송', '새콤한 산미', '싱글 오리진', '라이트 미디엄 로스팅']","['핸드드립', '에스프레소머신', '블랙 그대로']","['콜롬비아', '핑크버번', '엘 엔칸토']"
11,고소&부드러운,디카페인 콜롬비아,"12,000원
200g","['3일 내 볶은 원두만 배송', '디카페인', '가벼운 산미', '싱글 오리진', '다크 로스팅', '직접 무역']","['에스프레소머신', '핸드드립', '블랙 그대로']","['콜롬비아', '후일라']"
12,달콤&묵직한,펀치,"14,000원
200g","['3일 내 볶은 원두만 배송', '약한 산미', '블렌드', '다크 로스팅']","['에스프레소머신', '핸드드립', '블랙 그대로']","['브라질', '에티오피아']"
13,묵직한&고소,버터 슬럽 블렌드,"15,000원
250g","['3일 내 볶은 원두만 배송', '산미가 없어요', '블렌드', '미디엄 다크 로스팅']","['에스프레소머신', '블랙 그대로']","['브라질 세하도', '과테말라 안티구아', '인도 카피로얄']"
14,견과류&은은한,디카프 슬럽,"14,000원
250g","['3일 내 볶은 원두만 배송', '디카페인', '가벼운 산미', '싱글 오리진', '미디엄 로스팅']","['에스프레소머신', '블랙 그대로']","['콜롬비아', '카우카', '후일라', '카투라, 티피카']"
15,꽃향기&과일,에티오피아 시다마 파피초 내추럴 마이크로랏,"18,000원
200g","['3일 내 볶은 원두만 배송', '새콤한 산미', '싱글 오리진', '라이트 미디엄 로스팅']","['에스프레소머신', '핸드드립', '블랙 그대로']","['에티오피아', 'Gatta Daye Bensa Farm', 'Bombe village, Sidama Region', '74110/74112']"
16,달콤&밸런스,온두라스 엘 사나테 파카스 워시드,"14,000원
200g","['3일 내 볶은 원두만 배송', '가벼운 산미', '싱글 오리진', '미디엄 로스팅']","['에스프레소머신', '핸드드립', '블랙 그대로']","['온두라스', '엘 사나테', '렘피라, 산 세바스티안, 아구아 피라', '파카스 Pacas']"
17,은은한&밸런스,라까프 필터 블렌드,"13,000원
250g","['3일 내 볶은 원두만 배송', '가벼운 산미', '블렌드', '미디엄 로스팅', '공정 무역', '직접 무역']","['핸드드립', '커피메이커', '블랙 그대로', '우유 넣은 라떼']","['Hadjim Washed', 'Vuong Fully Washed']"
18,긴여운&초콜릿,라까프 에스프레소 블렌드,"13,000원
250g","['3일 내 볶은 원두만 배송', '가벼운 산미', '블렌드', '미디엄 다크 로스팅', '직접 무역', '공정 무역']","['에스프레소머신', '에어로프레스', '커피메이커', '블랙 그대로', '우유 넣은 라떼']","['Phu Honey', 'Ngoc Natural', 'Vuong Fully Washed']"
19,견과류&쌉쌀,라까프 핀 블렌드,"13,000원
250g","['3일 내 볶은 원두만 배송', '산미가 없어요', '블렌드', '다크 로스팅', '공정 무역', '직접 무역']","['에스프레소머신', '에어로프레스', '커피메이커', '블랙 그대로', '우유 넣은 라떼']","['Phu Honey', 'Danh Honey', 'Ara Tay Honey']"
20,고소&밸런스,"DEEP, DEEPLY 과테말라 엘 모리또","19,000원
180g","['3일 내 볶은 원두만 배송', '약한 산미', '싱글 오리진', '미디엄 다크 로스팅']","['핸드드립', '커피메이커', '블랙 그대로']","['과테말라', '엘 모리또']"
21,상큼&과일,"LIGHT,LIGHTER 케냐 기차타이니","19,000원
180g","['3일 내 볶은 원두만 배송', '새콤한 산미', '싱글 오리진', '라이트 로스팅']","['핸드드립', '커피메이커', '블랙 그대로']","['케냐', '키차타이니']"
22,은은한&화사한,"LIGHT,LIGHTER 에티오피아 보타바 워시드","19,000원
180g","['3일 내 볶은 원두만 배송', '새콤한 산미', '싱글 오리진', '라이트 로스팅']","['핸드드립', '커피메이커', '블랙 그대로']","['에티오피아', '시다모']"
23,상큼&깔끔한,밀밭,"8,900원
200g","['3일 내 볶은 원두만 배송', '새콤한 산미', '블렌드', '라이트 미디엄 로스팅', '공정 무역']","['에스프레소머신', '모카포트', '커피메이커', '블랙 그대로', '우유 넣은 라떼']","['YUNNAN', 'ETHIOPIA', 'COLOMBIA', 'KENYA']"
24,달콤&스모키,고독,"7,800원
200g","['3일 내 볶은 원두만 배송', '산미가 없어요', '블렌드', '미디엄 다크 로스팅', '공정 무역']","['에스프레소머신', '커피메이커', '블랙 그대로', '우유 넣은 라떼']","['EL SALVADOR', 'COSTARICA', 'BRZIL', 'INDIA']"
25,고소&부드러운,길들인다,"7,800원
200g","['3일 내 볶은 원두만 배송', '산미가 없어요', '블렌드', '미디엄 다크 로스팅', '공정 무역']","['에스프레소머신', '모카포트', '커피메이커', '블랙 그대로', '우유 넣은 라떼']","['브라질', '브라질']"
26,쌉쌀&달콤,콜롬비아 슈가케인 디카페인,"15,000원
200g","['3일 내 볶은 원두만 배송', '디카페인', '산미가 없어요', '싱글 오리진', '다크 로스팅']","['에스프레소머신', '커피메이커', '블랙 그대로']","['콜롬비아', '후일라 (Huila)', '카투라(Caturra), 카스티죠 (Castillo )']"
27,밸런스&견과류,콜롬비아 모틸론,"9,000원
200g","['3일 내 볶은 원두만 배송', '약한 산미', '싱글 오리진', '미디엄 다크 로스팅']","['핸드드립', '에스프레소머신', '블랙 그대로']","['콜롬비아', '노르테 데 산탄데르 (Norte de Santander)', 'Norte de Santander', '티피카 (Typica)']"
28,고소&묵직한,브라질 헤크레이오 옐로우 이카투 워시드,"14,000원
200g","['3일 내 볶은 원두만 배송', '약한 산미', '싱글 오리진', '미디엄 로스팅']","['핸드드립', '커피메이커', '블랙 그대로']","['브라질', '헤크레이오', '미나스 제라이스, 상파울루, 에스피리토 산토', 'Icatu']"
29,과일&풍부한,케냐 키린야가 카이나무이 AA TOP,"14,000원
200g","['3일 내 볶은 원두만 배송', '새콤한 산미', '싱글 오리진', '라이트 미디엄 로스팅']","['핸드드립', '커피메이커', '블랙 그대로']","['케냐', '키린야가', 'Ruiru11, Batian, SL28']"
30,깔끔한&상큼,케냐 기티투 AB,"15,000원
250g","['3일 내 볶은 원두만 배송', '새콤한 산미', '싱글 오리진', '라이트 미디엄 로스팅']","['핸드드립', '커피메이커', '블랙 그대로']","['케냐', '키암부', 'SL28, SL34, Ruiru11']"
31,과일&꽃향기,마젠타 블렌드,"11,800원
200g","['3일 내 볶은 원두만 배송', '새콤한 산미', '블렌드', '미디엄 로스팅']","['에스프레소머신', '모카포트', '커피메이커', '블랙 그대로', '우유 넣은 라떼']","['에티오피아 콩가 내추럴', '콜롬비아 수프리모 톨리마']"
32,쌉쌀&묵직한,블랙 블렌드,"13,800원
200g","['3일 내 볶은 원두만 배송', '가벼운 산미', '블렌드', '다크 로스팅']","['에스프레소머신', '모카포트', '커피메이커', '블랙 그대로', '우유 넣은 라떼']","['케냐 붕고마', '케냐 AA TOP 니에리', '브라질 옐로우버번', '과테말라 안티구아', '콜롬비아 수프리모 톨리마']"
33,견과류&초콜릿,그레이 블렌드,"9,600원
200g","['3일 내 볶은 원두만 배송', '약한 산미', '블렌드', '미디엄 다크 로스팅']","['에스프레소머신', '모카포트', '커피메이커', '블랙 그대로', '우유 넣은 라떼']","['과테말라 라고 아티틀란', '브라질 세하도 아라샤', '콜롬비아 후일라 라 칸델라리아']"
34,묵직한&달콤,고소하고 달콤쌉싸름한 맛,"14,000원
200g","['3일 내 볶은 원두만 배송', '산미가 없어요', '블렌드', '미디엄 다크 로스팅', '공정 무역', '직접 무역']","['에스프레소머신', '모카포트', '커피메이커', '블랙 그대로', '우유 넣은 라떼']",['플썸 시그니처 블렌딩']
35,과일&시나몬,코르디예라 데 푸에고 무산소발효 코스타리카,"26,000원
200g","['3일 내 볶은 원두만 배송', '새콤한 산미', '싱글 오리진', '라이트 로스팅']","['핸드드립', '커피메이커', '블랙 그대로']","['코스타리카', '코르디예라 데 푸에고', '바예 옥시덴탈, 산라몬', '카투라, 카투아이']"
36,화사한&은은한,향긋+상큼+은은한 맛,"26,000원
200g","['3일 내 볶은 원두만 배송', '가벼운 산미', '블렌드', '라이트 로스팅', '직접 무역', '공정 무역']","['에스프레소머신', '핸드드립', '커피메이커', '블랙 그대로', '우유 넣은 라떼']",['플썸 시그니처 블렌딩']
37,묵직한&부드러운,부들+묵직+긴 여운의 맛,"20,000원
200g","['3일 내 볶은 원두만 배송', '약한 산미', '블렌드', '라이트 미디엄 로스팅', '직접 무역', '공정 무역']","['에스프레소머신', '커피메이커', '핸드드립', '블랙 그대로', '우유 넣은 라떼']",['플썸 시그니처 블렌딩']
38,달콤&고소,산뜻+달달+고소(부들)한 맛,"18,000원
200g","['3일 내 볶은 원두만 배송', '약한 산미', '블렌드', '미디엄 로스팅', '직접 무역', '공정 무역']","['에스프레소머신', '핸드드립', '커피메이커', '블랙 그대로', '우유 넣은 라떼']",['플썸 시그니처 블렌딩']
39,긴여운&화사한,하와이 코나 엑스트라 팬시,"58,000원
200g","['3일 내 볶은 원두만 배송', '가벼운 산미', '싱글 오리진', '라이트 로스팅', '공정 무역', '직접 무역']","['핸드드립', '커피메이커', '블랙 그대로']","['파나마', '하와이', '하와이', 'Kona Typica']"
40,풍부한&묵직한,자메이카 블루마운틴,"55,500원
200g","['3일 내 볶은 원두만 배송', '산미가 없어요', '싱글 오리진', '라이트 미디엄 로스팅']","['핸드드립', '커피메이커', '블랙 그대로']","['파나마', '자메이카', '자메이카', 'Blue Mountain']"
41,묵직한&견과류,브라질 내추럴 NY2 17/18,"12,500원
200g","['3일 내 볶은 원두만 배송', '산미가 없어요', '싱글 오리진', '미디엄 로스팅', '공정 무역', '직접 무역']","['핸드드립', '커피메이커', '블랙 그대로']","['브라질', '모지아나 외, 입고 농장에 따라 다름', '브라질', 'Catuai, Mundo Novo']"
42,부드러운&초콜릿,콜롬비아 수프리모,"13,000원
200g","['3일 내 볶은 원두만 배송', '산미가 없어요', '싱글 오리진', '라이트 미디엄 로스팅']","['핸드드립', '커피메이커', '블랙 그대로']","['콜롬비아', '후일라 외, 입고 농장에 따라 다름', '콜롬비아', 'Caturra 100%']"
43,쌉쌀&스모키,과테말라 SHB 안티구아/루시아,"13,500원
200g","['3일 내 볶은 원두만 배송', '산미가 없어요', '싱글 오리진', '미디엄 로스팅', '공정 무역', '직접 무역']",[],"['과테말라', 'Bourbon, Caturra, Catuai', '산타 로사 외, 입고 농장에 따라 다름']"
44,부드러운&초콜릿,온두라스 SHG,"15,000원
200g","['3일 내 볶은 원두만 배송', '약한 산미', '싱글 오리진', '라이트 미디엄 로스팅', '공정 무역', '직접 무역']","['핸드드립', '커피메이커', '블랙 그대로']","['온두라스', 'Copan/Komayagua', '온두라스', 'Bourbon, Caturra, Catuai']"
45,과일&깔끔한,니카라과 SHG 핀카 엘 프린시펠 자바 허니,"38,000원
200g","['3일 내 볶은 원두만 배송', '가벼운 산미', '싱글 오리진', '라이트 로스팅', '직접 무역', '공정 무역']","['핸드드립', '커피메이커', '블랙 그대로']","['니카라과', '세고지아 외, 입고 농장에 따라 다름', '니카라과', 'Caturra, Typica']"
46,고소&견과류,코스타리카 SHB,"13,500원
200g","['3일 내 볶은 원두만 배송', '산미가 없어요', '싱글 오리진', '라이트 미디엄 로스팅', '공정 무역', '직접 무역']","['핸드드립', '커피메이커', '블랙 그대로']","['코스타리카', 'Tarazzu', '코스타리카', 'Catuai, Catura']"
47,상큼&과일,케냐AA,"16,500원
200g","['3일 내 볶은 원두만 배송', '강한 산미', '싱글 오리진', '라이트 로스팅', '공정 무역', '직접 무역']","['핸드드립', '커피메이커', '블랙 그대로']","['케냐', '니에리 지아칸자 외', '케냐', 'SL28 / Ruiru11']"
48,은은한&상큼,에티오피아 모모라 구지 내추럴 or 워시드 G1,"16,000원
200g","['3일 내 볶은 원두만 배송', '새콤한 산미', '싱글 오리진', '라이트 로스팅', '공정 무역', '직접 무역']","['핸드드립', '커피메이커', '블랙 그대로']","['에티오피아', '시다모 샤키소 모모라', '에티오피아', 'Heirloom']"
49,풍부한&과일,에티오피아 예가체프 첼바 내추럴 G1,"17,500원
200g","['3일 내 볶은 원두만 배송', '가벼운 산미', '싱글 오리진', '라이트 로스팅', '직접 무역', '공정 무역']","['핸드드립', '커피메이커', '블랙 그대로']","['에티오피아', '게디요 예가체프', '에티오피아', 'Heirloom']"
50,달콤&과일,코스타리카 게이샤 허니,"26,000원
200g","['3일 내 볶은 원두만 배송', '가벼운 산미', '싱글 오리진', '라이트 로스팅']","['핸드드립', '에어로프레스', '블랙 그대로']","['코스타리카', '산타 테레사', '코스타리카', 'Geisha']"
51,꽃향기&과일,콜롬비아 히든셀렉션 허니 로즈,"24,000원
200g","['3일 내 볶은 원두만 배송', '새콤한 산미', '싱글 오리진', '라이트 로스팅']","['핸드드립', '프렌치프레스', '에어로프레스', '블랙 그대로']","['콜롬비아', 'Cortina de Hierro', 'Genova, Quindio, Cortina de Hierro', 'Castillo']"
52,달콤&밸런스,콜롬비아 우일라 리브레 셀렉션 디카페인,"15,000원
200g","['3일 내 볶은 원두만 배송', '디카페인', '약한 산미', '싱글 오리진', '라이트 미디엄 로스팅']","['핸드드립', '커피메이커', '블랙 그대로']","['콜롬비아', '우일라 지역 소농', '우일라, 아쎄베도 & 피탈리토', '카스티요, 콜롬비아, 카투라']"
53,달콤&긴여운,콜롬비아 게이샤 카보닉 메서레이션,"43,500원
200g","['3일 내 볶은 원두만 배송', '강한 산미', '싱글 오리진', '라이트 로스팅', '공정 무역', '직접 무역']","['핸드드립', '에어로프레스', '블랙 그대로']","['콜롬비아', '핀카 라 플로르', '콜롬비아', 'Geisha']"
54,화사한&꽃향기,파나마 게이샤 내추럴,"43,000원
200g","['3일 내 볶은 원두만 배송', '가벼운 산미', '싱글 오리진', '라이트 로스팅', '직접 무역', '공정 무역']","['핸드드립', '에어로프레스', '블랙 그대로']","['파나마', '핀카 라 반구아르디아', '파나마', '게이샤']"
55,과일&풍부한,코스타리카 라스 라하스,"20,000원
250g","['3일 내 볶은 원두만 배송', '가벼운 산미', '싱글 오리진', '라이트 미디엄 로스팅']",[],"['코스타리카', '라스 라하스', '센트럴 밸리 사바닐라 데 알라후엘라', '카투라, 카투아이']"
56,견과류&묵직한,콜롬비아 산 어구스틴 디카페인,"13,000원
250g","['3일 내 볶은 원두만 배송', '디카페인', '산미가 없어요', '싱글 오리진', '다크 로스팅']",[],"['콜롬비아', '산 어구스틴']"
57,밸런스&과일,에티오피아 이디도,"15,000원
250g","['3일 내 볶은 원두만 배송', '새콤한 산미', '싱글 오리진', '라이트 미디엄 로스팅']",[],"['에티오피아', '이디도 이르가체페', '에티오피아 고유 품종']"
58,과일&밸런스,헤이데이 블렌드,"13,000원
250g","['3일 내 볶은 원두만 배송', '가벼운 산미', '블렌드', '라이트 미디엄 로스팅']",[],"['콜롬비아 라 플라타 AA+', '에티오피아 뱅코 미치차']"
59,초콜릿&고소,올드스쿨(Old School),"12,000원
200g","['3일 내 볶은 원두만 배송', '약한 산미', '블렌드', '다크 로스팅']","['에스프레소머신', '모카포트', '커피메이커', '블랙 그대로', '우유 넣은 라떼']","['Ethiopia Hambela', 'India Mysore Nuggets', 'Brazil Fedra Blanca']"
60,밸런스&견과류,모노그램(Mono Gram),"13,000원
200g","['3일 내 볶은 원두만 배송', '가벼운 산미', '블렌드', '미디엄 다크 로스팅']","['에스프레소머신', '모카포트', '커피메이커', '블랙 그대로', '우유 넣은 라떼']","['Guatemala Huehuetenango Waykan', 'Ethiopia Buku Abel', 'Brazil Pocos de Caldas', 'Kenya Nyeri AA']"
61,달콤&화사한,송버드(Song Bird),"14,000원
200g","['3일 내 볶은 원두만 배송', '새콤한 산미', '블렌드', '미디엄 로스팅']","['에스프레소머신', '모카포트', '커피메이커', '블랙 그대로', '우유 넣은 라떼']","['Guatemala Huehuetenango Waykan', 'Etiopia Buku Abel (Natual)']"
62,고소&초콜릿,과테말라 타후무코 워시드,"16,000원
150g","['3일 내 볶은 원두만 배송', '약한 산미', '싱글 오리진', '미디엄 다크 로스팅']","['핸드드립', '커피메이커', '블랙 그대로']","['Tajumuco, Huehuetenango', 'Bourbon, Pache, Caturra']"
63,달콤&부드러운,온두라스 엘 미라도르 파라이네마 워시드,"16,000원
150g","['3일 내 볶은 원두만 배송', '가벼운 산미', '싱글 오리진', '라이트 미디엄 로스팅']","['핸드드립', '커피메이커', '블랙 그대로']","['온두라스', 'El Mirador', 'San Augustin, Trojes, El paraiso', '파라이네마']"
64,상큼&과일,에티오피아 시다마 파피초 마이크로 내추럴,"17,000원
150g","['3일 내 볶은 원두만 배송', '새콤한 산미', '싱글 오리진', '라이트 미디엄 로스팅']","['핸드드립', '커피메이커', '블랙 그대로']","['에티오피아', 'Bombe village, Sidama Region', '74110, 74112']"
65,밸런스&달콤,싱글네임 와이칸,"14,000원
200g","['3일 내 볶은 원두만 배송', '산미가 없어요', '블렌드', '미디엄 다크 로스팅']","['에스프레소머신', '모카포트', '커피메이커', '블랙 그대로', '우유 넣은 라떼']",['과테말라 후에후에테낭고 와이칸']
66,견과류&초콜릿,시그니처 블랜드 000 디카페인,"14,000원
200g","['3일 내 볶은 원두만 배송', '디카페인', '산미가 없어요', '블렌드', '미디엄 다크 로스팅']","['에스프레소머신', '모카포트', '커피메이커', '블랙 그대로', '우유 넣은 라떼']",['과테말라 안티구아 Co2 디카페인 SHB']
67,꽃향기&화사한,에티오피아 넨세보 레피사 워시드,"19,500원
200g","['3일 내 볶은 원두만 배송', '새콤한 산미', '싱글 오리진', '라이트 로스팅']","['핸드드립', '커피메이커', '블랙 그대로']","['에티오피아', 'Oromia, West Arsi', 'Welisho, Kurume, 74110&74112']"
68,과일&풍부한,에티오피아 워테 콩가 내츄럴,"19,500원
200g","['3일 내 볶은 원두만 배송', '가벼운 산미', '싱글 오리진', '라이트 로스팅']","['핸드드립', '커피메이커', '블랙 그대로']","['에티오피아', 'Gedeo, Yirgacheffe', 'Welisho, Kurume, 74110&74112']"
69,달콤&과일,시그니처 블랜드 언타이틀드,"13,000원
200g","['3일 내 볶은 원두만 배송', '가벼운 산미', '블렌드', '미디엄 로스팅']","['에스프레소머신', '모카포트', '블랙 그대로', '우유 넣은 라떼']",['에피오피아 코케허니 예가체프 G1']
70,과일&달콤,시그니처 블랜드 타이틀드,"13,000원
200g","['3일 내 볶은 원두만 배송', '가벼운 산미', '블렌드', '미디엄 로스팅']","['에스프레소머신', '모카포트', '블랙 그대로', '우유 넣은 라떼']","['과테말라 안티구아 프리미엄 SHB', '탄자니아 킬리만자로 맘세라', '인도네시아 만델링']"
71,상큼&풍부한,케냐 티리쿠 AA 워시드,"20,000원
200g","['3일 내 볶은 원두만 배송', '새콤한 산미', '싱글 오리진', '미디엄 로스팅']","['핸드드립', '커피메이커', '블랙 그대로']","['케냐', 'Thiriku Coffee Famers Cooperative', 'Nyeri', 'SL28']"
72,고소&쌉쌀,인도 아라쿠 워시드,"14,000원
200g","['3일 내 볶은 원두만 배송', '가벼운 산미', '싱글 오리진', '라이트 미디엄 로스팅']","['핸드드립', '커피메이커', '블랙 그대로']","['인도', '아라쿠', '아라쿠, 후쿰페타', 'Sln.5B, 카우베리 외']"
73,과일&꽃향기,에티오피아 예가체프 게뎁 반코 고티티 G1 워시드,"14,000원
200g","['3일 내 볶은 원두만 배송', '새콤한 산미', '싱글 오리진', '라이트 미디엄 로스팅']","['핸드드립', '커피메이커', '블랙 그대로']","['에티오피아', 'Banko Gotiti Kebele, Gedeb Woreda, Gedeo Zone, SNNPR', 'Native Heirloom']"
74,과일&풍부한,에티오피아 시다마 벤사 분초 애너로빅 내추럴,"24,000원
200g","['3일 내 볶은 원두만 배송', '새콤한 산미', '싱글 오리진', '라이트 미디엄 로스팅']","['핸드드립', '커피메이커', '블랙 그대로']","['에티오피아', 'Buncho Washing Station', 'Shantawane Kebele, Bensa Woreda, Sidama Region', '74158']"
75,과일&화사한,콜롬비아 아마티보 로꼬시리즈 세션 게이샤,"28,000원
200g","['3일 내 볶은 원두만 배송', '새콤한 산미', '싱글 오리진', '라이트 미디엄 로스팅']","['핸드드립', '커피메이커', '블랙 그대로']","['콜롬비아', 'Alquimista Processing Station', 'Circasia', 'Geisha']"
76,고소&부드러운,디카페인 싱글오리진,"14,000원
200g","['3일 내 볶은 원두만 배송', '디카페인', '약한 산미', '싱글 오리진', '미디엄 다크 로스팅']","['에스프레소머신', '핸드드립', '커피메이커', '블랙 그대로', '우유 넣은 라떼']",['온두라스']
77,과일&화사한,에티오피아 시다마 파피초 내추럴,"20,000원
200g","['3일 내 볶은 원두만 배송', '새콤한 산미', '싱글 오리진', '라이트 미디엄 로스팅']","['핸드드립', '커피메이커', '블랙 그대로']","['에티오피아', '시다마', '74110,74112']"
78,꽃향기&은은한,에티오피아 물루게타 문타샤 워시드,"20,000원
200g","['3일 내 볶은 원두만 배송', '새콤한 산미', '싱글 오리진', '라이트 미디엄 로스팅']","['핸드드립', '커피메이커', '블랙 그대로']","['에티오피아', '물루게타 문타샤', '시다모', '74158']"
79,달콤&밸런스,과테말라 라 메르세드 부르봉&티피카,"20,000원
200g","['3일 내 볶은 원두만 배송', '가벼운 산미', '싱글 오리진', '미디엄 로스팅']","['핸드드립', '커피메이커', '블랙 그대로']","['San Martin Jilltepeque', '부르봉, 티피카', '라 메르세드']"
80,달콤&고소,브라질 시티오 바라 펄프드내추럴,"13,000원
200g","['3일 내 볶은 원두만 배송', '약한 산미', '싱글 오리진', '미디엄 로스팅']","['커피메이커', '핸드드립', '블랙 그대로']","['브라질', '시티오 바라', '미나스 제라이스', '옐로우버번']"
81,밸런스&고소,카넬리안 블렌드,"13,000원
200g","['3일 내 볶은 원두만 배송', '가벼운 산미', '블렌드', '미디엄 로스팅']","['에스프레소머신', '모카포트', '커피메이커', '블랙 그대로', '우유 넣은 라떼']","['콜롬비아 우일라 워시드', '브라질 옐로우 버번 워시드', '에티오피아 리무 내추럴']"
82,고소&긴여운,오닉스 블렌드,"12,000원
200g","['3일 내 볶은 원두만 배송', '약한 산미', '블렌드', '미디엄 다크 로스팅']","['에스프레소머신', '모카포트', '커피메이커', '블랙 그대로', '우유 넣은 라떼']","['브라질 옐로우 버번 워시드', '콜롬비아 후일라 워시드', '과테말라 안티구아 워시드', '인도 아자드 힌드 CxR 워시드']"
83,풍부한&초콜릿,아이올라이트 블렌드,"14,000원
200g","['3일 내 볶은 원두만 배송', '가벼운 산미', '블렌드', '미디엄 다크 로스팅']","['에스프레소머신', '모카포트', '커피메이커', '블랙 그대로', '우유 넣은 라떼']","['케냐 풀리워시드', '온두라스 워시드', '과테말라 워시드', '콜롬비아 워시드']"
84,고소&밸런스,페루 카하마르카 디카페인,"15,000원
200g","['3일 내 볶은 원두만 배송', '디카페인', '약한 산미', '싱글 오리진', '미디엄 로스팅']","['커피메이커', '에스프레소머신', '핸드드립', '블랙 그대로', '우유 넣은 라떼']","['페루', '1900-2200m', '카하마르카 하옌', 'Typica, Caturra, Mundo Novo, Catimor, Pache']"
85,과일&상큼,에티오피아 이디도,"15,000원
200g","['3일 내 볶은 원두만 배송', '강한 산미', '싱글 오리진', '미디엄 로스팅']","['핸드드립', '에스프레소머신', '커피메이커', '블랙 그대로']","['에티오피아', '1980-2200m', 'idido, Gedeo, SNNP Region', 'Ethiopia Heirloom']"
86,상큼&화사한,레드베릴 블렌드,"14,000원
200g","['3일 내 볶은 원두만 배송', '새콤한 산미', '블렌드', '미디엄 로스팅']","['에스프레소머신', '모카포트', '커피메이커', '블랙 그대로', '우유 넣은 라떼']","['에티오피아 내추럴', '에티오피아 워시드']"
87,과일&허브,예가체프 게뎁 첼베사 G1 에티오피아,"15,000원
200g","['3일 내 볶은 원두만 배송', '가벼운 산미', '싱글 오리진', '라이트 로스팅', '공정 무역']","['핸드드립', '커피메이커', '에스프레소머신', '블랙 그대로']","['에티오피아', '476명의 소규모 자작농들(SNAP Specialty Coffee)', '게뎁 첼베사', '월리쇼,데가(wolisho,Dega)']"
88,견과류&밸런스,하우스블렌드,"9,000원
200g","['3일 내 볶은 원두만 배송', '가벼운 산미', '블렌드', '미디엄 다크 로스팅', '공정 무역']","['에스프레소머신', '모카포트', '핸드드립', '블랙 그대로', '우유 넣은 라떼']","['산토스 유로돌체 브라질', '시다모 G4 내추럴 에티오피아']"
89,달콤&묵직한,쏘굿블렌드,"11,000원
200g","['3일 내 볶은 원두만 배송', '산미가 없어요', '블렌드', '미디엄 다크 로스팅', '공정 무역']","['에스프레소머신', '모카포트', '핸드드립', '블랙 그대로', '우유 넣은 라떼']","['산토스 유로돌체 브라질', '시다모 G4 내추럴 에티오피아', '라스 몬타나 콜롬비아']"
90,화사한&허브,일랑일랑 블렌드,"13,500원
200g","['3일 내 볶은 원두만 배송', '새콤한 산미', '블렌드', '라이트 미디엄 로스팅']","['에스프레소머신', '핸드드립', '커피메이커', '블랙 그대로', '우유 넣은 라떼']","['코스타리카 허니', '에티오피아 내추럴']"
91,달콤&고소,웰컴블렌드,"16,000원
200g","['3일 내 볶은 원두만 배송', '산미가 없어요', '블렌드', '미디엄 다크 로스팅', '공정 무역']","['에스프레소머신', '모카포트', '핸드드립', '블랙 그대로', '우유 넣은 라떼']","['브라질 리저브 봄봄(모지아나)', 'HU-10 콜롬비아', '코케 허니 내추럴 에티오피아']"
92,고소&밸런스,허니서클 블렌드,"12,000원
200g","['3일 내 볶은 원두만 배송', '약한 산미', '블렌드', '미디엄 로스팅']","['에스프레소머신', '커피메이커', '핸드드립', '블랙 그대로', '우유 넣은 라떼']","['브라질 내추럴', '코스타리카']"
93,고소&초콜릿,웡카 블렌드,"10,000원
200g","['3일 내 볶은 원두만 배송', '산미가 없어요', '블렌드', '다크 로스팅']","['에스프레소머신', '커피메이커', '핸드드립', '블랙 그대로', '우유 넣은 라떼']","['에티오피아 내추럴', '인도 워시드', '브라질 내추럴']"
94,과일&초콜릿,땡큐블렌드,"16,000원
200g","['3일 내 볶은 원두만 배송', '가벼운 산미', '블렌드', '미디엄 로스팅', '공정 무역']","['에스프레소머신', '모카포트', '핸드드립', '블랙 그대로', '우유 넣은 라떼']","['마이소르 너겟 엑스트라볼드 워시드 인도', '예가체프 G1 첼베사 워시드 에티오피아', '코케 허니 내추럴 에티오피아']"
95,달콤&밸런스,콜롬비아 후일라 수프리모,"16,000원
250g","['3일 내 볶은 원두만 배송', '가벼운 산미', '싱글 오리진', '미디엄 다크 로스팅']","['핸드드립', '커피메이커', '블랙 그대로']","['콜롬비아', '후일라', 'CATURRA,CASTTILOW']"
96,쌉쌀&고소,꼬수운돌솥밥 블렌딩,"9,000원
200g","['3일 내 볶은 원두만 배송', '산미가 없어요', '블렌드', '미디엄 다크 로스팅']","['커피메이커', '에스프레소머신', '모카포트', '블랙 그대로', '우유 넣은 라떼']",['브라질 세라도 NY2 파인컵 네추럴']
97,꽃향기&은은한,콜롬비아 루이스 아니발 게이샤 워시드,"23,000원
200g","['3일 내 볶은 원두만 배송', '새콤한 산미', '싱글 오리진', '라이트 미디엄 로스팅', '직접 무역']","['커피메이커', '핸드드립', '에스프레소머신', '블랙 그대로']","['콜롬비아', 'Villa Betulia', 'Huila', 'Geisha']"
98,초콜릿&달콤,디카페인 에티오피아 짐마,"16,000원
200g","['3일 내 볶은 원두만 배송', '디카페인', '약한 산미', '싱글 오리진', '미디엄 다크 로스팅']","['에스프레소머신', '커피메이커', '모카포트', '블랙 그대로', '우유 넣은 라떼']","['에티오피아', 'Ethiopia', 'Heirloom varieities']"
99,과일&꽃향기,에티오피아 고로,"16,000원
200g","['3일 내 볶은 원두만 배송', '가벼운 산미', '블렌드', '라이트 미디엄 로스팅']","['핸드드립', '커피메이커', '블랙 그대로']",['고로']
100,고소&견과류,과테말라 SHB 스위스워터 디카페인,"15,000원
200g","['3일 내 볶은 원두만 배송', '디카페인', '약한 산미', '싱글 오리진', '미디엄 다크 로스팅']","['핸드드립', '커피메이커', '에스프레소머신', '블랙 그대로']","['GUATEMALA', 'BOURBON,CATURRA,CATUAI']"
101,밸런스&부드러운,블렌드 애플 레드,"11,500원
200g","['3일 내 볶은 원두만 배송', '새콤한 산미', '블렌드', '라이트 미디엄 로스팅']","['에스프레소머신', '모카포트', '핸드드립', '블랙 그대로', '우유 넣은 라떼']","['브라질 술데미나스 펄프드 내추럴', '콜롬비아 나리노 수프리모', '에티오피아 예가체프 G2']"
102,고소&견과류,블렌드 너티 퍼플,"11,000원
200g","['3일 내 볶은 원두만 배송', '산미가 없어요', '블렌드', '미디엄 다크 로스팅']","['에스프레소머신', '모카포트', '커피메이커', '블랙 그대로', '우유 넣은 라떼']","['브라질 술데미나스 펄프드 내추럴', '콜롬비아 나리노 수프리모', '인도 카피로얄 로부스타 AA']"
103,꽃향기&깔끔한,블렌드 캔디 그린,"12,500원
200g","['3일 내 볶은 원두만 배송', '새콤한 산미', '블렌드', '라이트 미디엄 로스팅']","['에스프레소머신', '모카포트', '커피메이커', '블랙 그대로', '우유 넣은 라떼']","['예가체프 G2', '콜롬비아 나리노 수프리모', '과테말라 안티구아 SHB 필라델피아']"
104,달콤&고소,스너그 하우스 디카페인 블렌드,"15,000원
200g","['3일 내 볶은 원두만 배송', '디카페인', '약한 산미', '블렌드', '미디엄 다크 로스팅']","['에스프레소머신', '모카포트', '커피메이커', '블랙 그대로', '우유 넣은 라떼']","['페루 디카페인', '콜롬비아 디카페인']"
105,과일&꽃향기,나이트폴 블렌드,"15,000원
200g","['3일 내 볶은 원두만 배송', '새콤한 산미', '블렌드', '미디엄 로스팅']",[],"['에티오피아 네츄럴', '에티오피아 워시드']"
106,고소&견과류,포레스트 블렌드,"12,000원
200g","['3일 내 볶은 원두만 배송', '약한 산미', '블렌드', '미디엄 다크 로스팅']",[],"['브라질 펄프드 네츄럴', '과테말라 워시드']"
107,묵직한&초콜릿,문나이트 블렌드,"12,000원
200g","['3일 내 볶은 원두만 배송', '산미가 없어요', '블렌드', '다크 로스팅']",[],"['콜롬비아 워시드', '케냐 워시드']"
108,과일&달콤,에티오피아 쿠쿠세 내추럴,"16,000원
200g","['3일 내 볶은 원두만 배송', '새콤한 산미', '싱글 오리진', '라이트 미디엄 로스팅']",[],"['에티오피아', '쿠쿠세', '시다모, 벤사', '74158, Wolisho']"
109,달콤&화사한,과테말라 엘 피날 게이샤 워시드,"24,000원
200g","['3일 내 볶은 원두만 배송', '새콤한 산미', '싱글 오리진', '라이트 로스팅']",[],"['게이샤', '엘 피날']"
110,초콜릿&밸런스,블렌드 루트 블랙,"12,500원
200g","['3일 내 볶은 원두만 배송', '산미가 없어요', '블렌드', '미디엄 다크 로스팅']","['에스프레소머신', '모카포트', '블랙 그대로', '우유 넣은 라떼']","['브라질 술데미나스 펄프드 내추럴', '과테말라 안티구아 SHB 필라델피아', '코스타리카 SHB EP 라로사', '인도네시아 만델링 G1 TP']"
111,과일&꽃향기,에티오피아 시다마 파피초 내추럴,"18,000원
200g","['3일 내 볶은 원두만 배송', '가벼운 산미', '싱글 오리진', '라이트 로스팅']",[],"['에티오피아', '가타 다예 벤사', '시다마 봄베', '74110, 74112']"
112,상큼&꽃향기,에티오피아 반코 고티티 G1 워시드,"15,000원
200g","['3일 내 볶은 원두만 배송', '새콤한 산미', '싱글 오리진', '라이트 로스팅']",[],"['에티오피아', 'Gedeo', 'Local Selected']"
113,밸런스&부드러운,캠프파이어 블렌드,"15,000원
200g","['3일 내 볶은 원두만 배송', '가벼운 산미', '블렌드', '미디엄 로스팅']","['에스프레소머신', '모카포트', '핸드드립', '블랙 그대로', '우유 넣은 라떼']","['브라질 몬테알토', '콜롬비아 포파얀', '과테말라 와이칸']"
114,상큼&깔끔한,에티오피아 코케 허니 예가체프 G1,"18,000원
250g","['3일 내 볶은 원두만 배송', '새콤한 산미', '싱글 오리진', '미디엄 다크 로스팅']","['핸드드립', '에스프레소머신', '에어로프레스', '블랙 그대로']","['에티오피아', '예가체프', '에얼룸']"
115,고소&묵직한,콜롬비아 엑셀소 EP 디카페인 마운틴 워터,"15,000원
200g","['3일 내 볶은 원두만 배송', '디카페인', '산미가 없어요', '싱글 오리진', '미디엄 다크 로스팅']","['핸드드립', '에스프레소머신', '모카포트', '블랙 그대로', '우유 넣은 라떼']","['콜롬비아', '후일라', '티피카']"
116,상큼&부드러운,에티오피아 모모라 내추럴 구지 G1,"16,000원
200g","['3일 내 볶은 원두만 배송', '새콤한 산미', '싱글 오리진', '라이트 미디엄 로스팅']","['핸드드립', '커피메이커', '블랙 그대로']","['에티오피아', '모모라', '구지', 'Heirloom']"
117,상큼&부드러운,에티오피아 시다마 벤사 베켈레 벨라이초 내추럴,"20,000원
200g","['3일 내 볶은 원두만 배송', '강한 산미', '싱글 오리진', '라이트 미디엄 로스팅']","['핸드드립', '커피메이커', '프렌치프레스', '블랙 그대로']","['에티오피아', '시다마', '74158+Wolisho']"
118,달콤&부드러운,에디오피아 시다모 물루게타 문타샤,"22,000원
200g","['매주 월 로스팅', '약한 산미', '싱글 오리진', '라이트 미디엄 로스팅']","['핸드드립', '블랙 그대로']","['에티오피아', '시다모', '74158+볼리쇼 74158+Wolisho']"
119,달콤&부드러운,케냐 키린야가 캄완기 AA TOP,"16,000원
200g","['3일 내 볶은 원두만 배송', '가벼운 산미', '싱글 오리진', '라이트 로스팅']","['핸드드립', '커피메이커', '프렌치프레스', '블랙 그대로']","['케냐', '키린야가', 'Ruiru11+Batain+SL28']"
120,허브&풍부한,"LIGHT, LIGHTER 예멘 알사드르 내추럴","19,000원
180g","['매주 수 로스팅', '가벼운 산미', '싱글 오리진', '라이트 미디엄 로스팅']","['핸드드립', '커피메이커', '에어로프레스', '블랙 그대로']","['에콰도르', '웨스턴 하라즈, 마자나', '알사드르']"
121,꽃향기&과일,온두라스 아카시아스 파라이네마 내추럴,"25,000원
200g","['매주 월 로스팅', '새콤한 산미', '싱글 오리진', '라이트 미디엄 로스팅']","['핸드드립', '커피메이커', '에스프레소머신', '블랙 그대로']","['온두라스', '라스 아카시아스', '마르까라, 라 파즈', '파라이네마']"
122,과일&달콤,에티오피아 시다마 벤사 케라모 내추럴,"20,000원
200g","['3일 내 볶은 원두만 배송', '새콤한 산미', '싱글 오리진', '라이트 미디엄 로스팅']","['에스프레소머신', '핸드드립', '블랙 그대로', '우유 넣은 라떼']","['에티오피아', '케라모 다예벤사', '시다모', '74158']"
123,달콤&상큼,콜롬비아 엘 디비소 시드라 내추럴,"20,000원
200g","['3일 내 볶은 원두만 배송', '강한 산미', '싱글 오리진', '라이트 로스팅']","['핸드드립', '블랙 그대로']","['콜롬비아', '엘 디비소', '후일라', '시드라']"
124,화사한&긴여운,에티오피아 두완초 내추럴,"19,000원
180g","['3일 내 볶은 원두만 배송', '새콤한 산미', '싱글 오리진', '라이트 로스팅']","['핸드드립', '에스프레소머신', '에어로프레스', '블랙 그대로', '우유 넣은 라떼']","['에티오피아', '시다모', '두완초']"
125,꽃향기&달콤,에티오피아 구지 라요 타라가 워시드,"17,000원
200g","['3일 내 볶은 원두만 배송', '새콤한 산미', '싱글 오리진', '라이트 미디엄 로스팅']","['핸드드립', '블랙 그대로']","['에티오피아', '구지', '74158+볼리소']"
126,밸런스&초콜릿,콜롬비아 디카페인,"19,000원
200g","['3일 내 볶은 원두만 배송', '디카페인', '산미가 없어요', '싱글 오리진', '미디엄 다크 로스팅']","['에스프레소머신', '핸드드립', '커피메이커', '블랙 그대로', '우유 넣은 라떼', '설탕 넣어서']","['콜롬비아', '후일라', '티피카']"
127,달콤&밸런스,볼리비아 솔 데 라 마냐나 워시드,"16,000원
200g","['3일 내 볶은 원두만 배송', '가벼운 산미', '싱글 오리진', '라이트 미디엄 로스팅']","['핸드드립', '커피메이커', '프렌치프레스', '블랙 그대로', '설탕 넣어서']","['볼리비아', '솔 데 라 마냐나', '카라나비', '버본 + 카투라 + 카투아이']"
128,꽃향기&과일,테베 부르카 싱글 버라이어티,"15,000원
200g","['3일 내 볶은 원두만 배송', '새콤한 산미', '싱글 오리진', '미디엄 로스팅']","['핸드드립', '커피메이커', '에스프레소머신', '블랙 그대로']","['에티오피아', '구지', '74110']"
129,달콤&부드러운,페루 엘 리몬 내추럴,"17,000원
200g","['3일 내 볶은 원두만 배송', '가벼운 산미', '싱글 오리진', '라이트 미디엄 로스팅']","['핸드드립', '에어로프레스', '커피메이커', '블랙 그대로']","['페루', '엘 리몬', '치리 노스', '카투라']"
130,달콤&부드러운,페루 세드로스 #2 워시드 오가닉,"22,000원
250g","['3일 내 볶은 원두만 배송', '약한 산미', '싱글 오리진', '미디엄 다크 로스팅', '공정 무역', '유기농 커피']","['핸드드립', '에스프레소머신', '커피메이커', '블랙 그대로', '우유 넣은 라떼']","['페루', 'Cedors Community Smallholders', '산 이그나시오', '카투라 + 버본 + 파체 + 카티모르']"
131,고소&견과류,콜롬비아 엘 카르멘 디카프,"20,000원
250g","['3일 내 볶은 원두만 배송', '디카페인', '산미가 없어요', '싱글 오리진', '미디엄 다크 로스팅', '공정 무역']","['핸드드립', '에스프레소머신', '콜드브루', '블랙 그대로', '우유 넣은 라떼', '설탕 넣어서']","['콜롬비아', '엘카르멘', '후일라', '카투라+카스틸로']"
132,고소&부드러운,콜롬비아 엘 카르멘 워시드,"20,000원
250g","['3일 내 볶은 원두만 배송', '약한 산미', '싱글 오리진', '미디엄 로스팅', '공정 무역']","['핸드드립', '에스프레소머신', '프렌치프레스', '블랙 그대로', '우유 넣은 라떼', '설탕 넣어서']","['콜롬비아', '엘카르멘', '후일라', '카투라+카스틸로']"
133,상큼&과일,에티오피아 사사바 내추럴,"21,000원
250g","['3일 내 볶은 원두만 배송', '새콤한 산미', '싱글 오리진', '라이트 미디엄 로스팅', '공정 무역']","['핸드드립', '에스프레소머신', '콜드브루', '블랙 그대로', '우유 넣은 라떼']","['에티오피아', '사사바', '구지', '에얼룸']"
134,달콤&고소,보난자 블랜딩,"19,000원
250g","['3일 내 볶은 원두만 배송', '가벼운 산미', '블렌드', '미디엄 로스팅', '공정 무역']","['핸드드립', '에스프레소머신', '커피메이커', '블랙 그대로', '우유 넣은 라떼']","['브라질 미나스 제라이스 산타클라라 펄프드내추럴', '콜롬비아 후일라 피탈리토 엘카르멘 워시드']"
135,견과류&달콤,디카프 브라질 NY2/3 CC Water,"15,000원
250g","['3일 내 볶은 원두만 배송', '디카페인', '산미가 없어요', '싱글 오리진', '미디엄 다크 로스팅']","['핸드드립', '에스프레소머신', '모카포트', '블랙 그대로']","['브라질', '문도 노보,카투아이,버번']"
136,상큼&부드러운,피치 슬럽 블렌드,"15,000원
250g","['3일 내 볶은 원두만 배송', '가벼운 산미', '블렌드', '라이트 미디엄 로스팅']","['핸드드립', '에스프레소머신', '에어로프레스', '블랙 그대로', '우유 넣은 라떼']","['에티오피아 리무 볼렌소 혼합종 내추럴', '콜롬비아 후일라 라플라타 카투라 콜롬비아 카스틸로 AA+ 워시드']"
137,밸런스&풍부한,"DEEP, DEEPLY 르완다 무지나 워시드","19,000원
180g","['매주 수 로스팅', '약한 산미', '싱글 오리진', '미디엄 다크 로스팅']","['에스프레소머신', '핸드드립', '커피메이커', '블랙 그대로']","['르완다', '무지나']"
138,달콤&깔끔한,바이올렛 블렌드,"15,800원
200g","['3일 내 볶은 원두만 배송', '새콤한 산미', '블렌드', '라이트 미디엄 로스팅']","['에스프레소머신', '핸드드립', '에어로프레스', '블랙 그대로']","['에티오피아 내추럴', '콜롬비아 워시드']"
139,고소&부드러운,율 디캐프 다크,"15,800원
200g","['3일 내 볶은 원두만 배송', '디카페인', '산미가 없어요', '블렌드', '다크 로스팅']","['에스프레소머신', '모카포트', '에어로프레스', '블랙 그대로', '우유 넣은 라떼', '설탕 넣어서']","['콜롬비아 디카페인 워터프로세스', '과테말라 디카페인 워터프로세스']"
140,밸런스&깔끔한,율 디캐프,"15,800원
200g","['3일 내 볶은 원두만 배송', '디카페인', '약한 산미', '블렌드', '라이트 로스팅']","['핸드드립', '에어로프레스', '커피메이커', '블랙 그대로']","['콜롬비아 디카페인 워터프로세스', '과테말라 디카페인 워터프로세스']"
141,고소&묵직한,다크 아이보리 블렌드,"15,800원
200g","['3일 내 볶은 원두만 배송', '산미가 없어요', '블렌드', '다크 로스팅']","['에스프레소머신', '에어로프레스', '모카포트', '우유 넣은 라떼', '설탕 넣어서', '시럽 넣어서']","['브라질 내추럴', '콜롬비아 워시드']"
142,밸런스&부드러운,아이보리 블렌드,"13,800원
200g","['3일 내 볶은 원두만 배송', '가벼운 산미', '블렌드', '미디엄 다크 로스팅']","['에스프레소머신', '커피메이커', '에어로프레스', '우유 넣은 라떼']","['브라질 내추럴', '콜롬비아 워시드']"
143,고소&묵직한,다크초콜릿 블렌드,"14,800원
200g","['3일 내 볶은 원두만 배송', '산미가 없어요', '블렌드', '다크 로스팅']","['에스프레소머신', '에어로프레스', '모카포트', '우유 넣은 라떼', '설탕 넣어서', '시럽 넣어서']","['브라질 내추럴', '콜롬비아 워시드', '인도 아라비카']"
144,밸런스&묵직한,초콜릿 블렌드,"15,800원
200g","['3일 내 볶은 원두만 배송', '가벼운 산미', '블렌드', '미디엄 다크 로스팅']","['에스프레소머신', '에어로프레스', '커피메이커', '우유 넣은 라떼']","['브라질 내추럴', '콜롬비아 워시드', '인도 아라비카']"
145,상큼&부드러운,케냐 AA 워시드,"16,000원
250g","['3일 내 볶은 원두만 배송', '새콤한 산미', '싱글 오리진', '라이트 로스팅']","['핸드드립', '커피메이커', '에스프레소머신', '블랙 그대로']","['케냐', 'SL28+SL34+Ruiru 11+Batian']"
146,달콤&부드러운,코스타리카 엘 베네피시오 블랙 허니,"16,000원
200g","['3일 내 볶은 원두만 배송', '약한 산미', '싱글 오리진', '라이트 미디엄 로스팅']","['핸드드립', '에스프레소머신', '커피메이커', '블랙 그대로']","['코스타리카', '엘 베네피시오', '산마르코 따라주', '카투아이']"
147,상큼&깔끔한,에티오피아 시다마 벤사 케라모 워시드,"15,000원
200g","['3일 내 볶은 원두만 배송', '새콤한 산미', '싱글 오리진', '라이트 로스팅']","['핸드드립', '커피메이커', '에어로프레스', '블랙 그대로']","['에티오피아', '케라모', '시다모', '2260-2360mm', '74158']"
148,쌉쌀&묵직한,W 블렌드,"5,500원
200g","['3일 내 볶은 원두만 배송', '산미가 없어요', '블렌드', '다크 로스팅']","['에스프레소머신', '콜드브루', '블랙 그대로', '우유 넣은 라떼']","['베트남 로부스타 G1 웻폴리시드', '브라질 세하도 몬테 카르멜로 내추럴', '인도 카피로얄 AA 워시드']"
149,고소&달콤,F 블렌드,"9,200원
200g","['3일 내 볶은 원두만 배송', '약한 산미', '블렌드', '미디엄 다크 로스팅']","['에스프레소머신', '콜드브루', '블랙 그대로', '우유 넣은 라떼']","['브라질 미나스 제라이스 그란자 송 프란시스코 펄프드 내추럴', '콜롬비아 나리노 산 로렌조 워시드']"
150,밸런스&달콤,R 블렌드,"10,400원
200g","['3일 내 볶은 원두만 배송', '가벼운 산미', '블렌드', '미디엄 로스팅']","['에스프레소머신', '콜드브루', '블랙 그대로', '우유 넣은 라떼']","['과테말라 웨웨테낭고 캡진 엘 쿠쿠루초 워시드', '브라질 미나스 제라이스 그란자 송 프란시스코 펄프드 내추럴', '에티오피아 예가체프 코체르 첼바 내추럴']"
151,고소&부드러운,카라멜 슬럽 블렌드,"13,000원
250g","['3일 내 볶은 원두만 배송', '약한 산미', '블렌드', '미디엄 로스팅']","['에스프레소머신', '핸드드립', '커피메이커', '블랙 그대로', '우유 넣은 라떼']","['콜롬비아 후일라 라플라타 카투라 콜롬비아 카스틸로 워시드', '브라질 산타이네스 옐로우 버본 스페셜티 내추럴']"
152,꽃향기&과일,나비,"23,000원
200g","['3일 내 볶은 원두만 배송', '강한 산미', '블렌드', '미디엄 로스팅', '직접 무역']","['핸드드립', '프렌치프레스', '커피메이커', '블랙 그대로']","['에티오피아 이디도 비르투칸 부투 혼합종 내추럴', '콜롬비아 아르메니아 비야라소 핑크버본 워시드 무산소 발효']"
153,밸런스&달콤,몽상스,"18,000원
200g","['3일 내 볶은 원두만 배송', '새콤한 산미', '싱글 오리진', '미디엄 다크 로스팅', '직접 무역']","['에스프레소머신', '콜드브루', '모카포트', '블랙 그대로', '우유 넣은 라떼']","['케냐', '키아마라', '키암부', 'SL28외']"
154,초콜릿&고소,와이칸 다크,"13,000원
200g","['3일 내 볶은 원두만 배송', '새콤한 산미', '싱글 오리진', '다크 로스팅', '직접 무역']","['에스프레소머신', '핸드드립', '콜드브루', '우유 넣은 라떼']","['과테말라', '와이칸', '웨웨테낭고', '1100-1800mm', '티피카+카투라+버본+카투아이+파체']"
155,밸런스&쌉쌀,블렌드 슈퍼 노멀,"16,500원
200g","['3일 내 볶은 원두만 배송', '약한 산미', '블렌드', '미디엄 다크 로스팅']","['에스프레소머신', '커피메이커', '콜드브루', '블랙 그대로', '우유 넣은 라떼']","['콜롬비아 후일라 수프리모', '인도네시아 와하나 만델링 G1', '브라질 산타루시아 펄프드 내추럴']"
156,초콜릿&묵직한,인도 바드라 아라비카,"15,000원
200g","['3일 내 볶은 원두만 배송', '산미가 없어요', '싱글 오리진', '라이트 미디엄 로스팅']","['핸드드립', '커피메이커', '프렌치프레스', '블랙 그대로']","['인도', '바드라', '카르나타카', 'S795+SLN9']"
157,달콤&상큼,케냐 구아마 AA,"16,000원
200g","['3일 내 볶은 원두만 배송', '새콤한 산미', '싱글 오리진', '미디엄 로스팅']","['핸드드립', '커피메이커', '에스프레소머신', '블랙 그대로', '설탕 넣어서', '시럽 넣어서']","['케냐', '키린야가', 'SL28+Ruiru11']"
158,초콜릿&묵직한,브라운 블렌딩 커피,"7,000원
200g","['3일 내 볶은 원두만 배송', '산미가 없어요', '블렌드', '미디엄 다크 로스팅']","['에스프레소머신', '모카포트', '커피메이커', '우유 넣은 라떼', '시럽 넣어서']","['콜롬비아 안티오키아 카스틸로 카투라 수프리모 워시드', '브라질 세하도 몬테카르멜로 카투아이 문도노보 NY2 FC 내추럴', '과테말라 산타로사 카투아이 파체 버본 SHB 워시드']"
159,밸런스&깔끔한,그린 블렌딩 커피,"7,000원
200g","['3일 내 볶은 원두만 배송', '가벼운 산미', '블렌드', '미디엄 다크 로스팅']","['에스프레소머신', '핸드드립', '블랙 그대로', '우유 넣은 라떼']","['에티오피아 예가체프 G2 에얼룸 워시드', '콜롬비아 안티오키아 카스틸로 카투라 수프리모 워시드', '브라질 세하도 몬테카르멜로 카투아이 문도노보 NY2 FC 내추럴', '과테말라 산타로사 카투아이 파체 버본 SHB 워시드']"
160,밸런스&견과류,콜롬비아 디카페인,"11,000원
200g","['3일 내 볶은 원두만 배송', '디카페인', '가벼운 산미', '싱글 오리진', '미디엄 다크 로스팅']","['에스프레소머신', '핸드드립', '콜드브루', '블랙 그대로', '우유 넣은 라떼']","['콜롬비아', '후일라', '카투라']"
161,초콜릿&달콤,데일리뷰티 블렌드,"13,000원
200g","['매주 화 로스팅', '약한 산미', '블렌드', '미디엄 로스팅']","['에스프레소머신', '콜드브루', '핸드드립', '블랙 그대로', '우유 넣은 라떼', '설탕 넣어서']","['콜롬비아 포파얀 내추럴', '에티오피아 콩가 워시드', '인도 핫산']"
162,고소&부드러운,디카페인 콜롬비아,"16,000원
200g","['3일 내 볶은 원두만 배송', '디카페인', '산미가 없어요', '싱글 오리진', '미디엄 로스팅']","['핸드드립', '에스프레소머신', '콜드브루', '블랙 그대로']","['콜롬비아', '후일라', '카투라']"
163,고소&꽃향기,모카 돈 엘킨,"32,000원
200g","['매주 화 로스팅', '가벼운 산미', '싱글 오리진', '라이트 미디엄 로스팅', '직접 무역']","['핸드드립', '블랙 그대로']","['콜롬비아', '핀카 엘 미라도르', '모카']"
164,꽃향기&깔끔한,BEIGE 블랜드,"12,000원
200g","['3일 내 볶은 원두만 배송', '새콤한 산미', '블렌드', '라이트 로스팅']","['에스프레소머신', '핸드드립', '에어로프레스', '블랙 그대로', '우유 넣은 라떼']","['에티오피아 예가체프 콩가 에얼룸 G1 내추럴', '에티오피아 예가체프 아다도 에얼룸 G1 워시드']"
165,달콤&고소,BRICK 블랜드,"10,000원
200g","['3일 내 볶은 원두만 배송', '산미가 없어요', '블렌드', '미디엄 다크 로스팅']","['에스프레소머신', '핸드드립', '에어로프레스', '우유 넣은 라떼']","['콜롬비아 톨리마 카투라 카스틸로 수프리모 워시드', '에티오피아 시다모 에일룸 G4 내추럴', '브라질 세하도 옐로우 버본 NY2 내추럴']"
166,달콤&밸런스,피크 블렌드,"10,000원
200g","['3일 내 볶은 원두만 배송', '약한 산미', '블렌드', '미디엄 다크 로스팅']","['핸드드립', '커피메이커', '에스프레소머신', '블랙 그대로', '우유 넣은 라떼', '설탕 넣어서']","['에티오피아 예가체프 내추럴', '과테말라 웨웨테낭고 SHB 워시드', '브라질 모지아나 내추럴', '콜롬비아 후일라 수프리모 워시드']"
167,달콤&밸런스,오드 블렌드,"12,000원
200g","['3일 내 볶은 원두만 배송', '가벼운 산미', '블렌드', '미디엄 로스팅']","['핸드드립', '커피메이커', '에스프레소머신', '블랙 그대로', '설탕 넣어서']","['에티오피아 예가체프 워시드', '코스타리카 따라주 SHB 워시드', '에티오피아 리무 내추럴', '콜롬비아 후일라 수프리모 워시드']"
168,고소&묵직한,이븐 블렌드,"11,000원
200g","['3일 내 볶은 원두만 배송', '산미가 없어요', '블렌드', '미디엄 다크 로스팅']","['커피메이커', '에스프레소머신', '콜드브루', '블랙 그대로', '우유 넣은 라떼']","['과테말라 웨웨테낭고 SHB 워시드', '에티오피아 시다모 구지 워시드', '콜롬비아 후일라 수프리모 워시드', '브라질 옐로우 버본 NY2 FC 내추럴']"
169,과일&은은한,코스타리카 SHB EP 피에드라 알타 내추럴,"16,000원
150g","['3일 내 볶은 원두만 배송', '새콤한 산미', '싱글 오리진', '라이트 미디엄 로스팅']","['핸드드립', '블랙 그대로']","['코스타리카', '피에드라 알타', '치리포', '레드카투아이']"
170,밸런스&묵직한,돌담in애월,"11,000원
200g","['3일 내 볶은 원두만 배송', '약한 산미', '블렌드', '미디엄 다크 로스팅']","['에스프레소머신', '모카포트', '커피메이커', '블랙 그대로', '우유 넣은 라떼', '설탕 넣어서']","['브라질 세하도 문도노보 NY2 내추럴', '콜롬비아 후일라 가존 카투라 수프리모 워시드', '과테말라 웨웨테낭고 카투라 워시드', '르완다 이심비 마이크로랏 버본 워시드']"
171,상큼&깔끔한,하늘에 시그니처 블랜딩,"11,500원
200g","['3일 내 볶은 원두만 배송', '새콤한 산미', '블렌드', '라이트 미디엄 로스팅']","['에스프레소머신', '핸드드립', '콜드브루', '블랙 그대로']","['케냐 AA Plus 키리냐가 워시드', '에티오피아 구지 모모라 AQ2 내추럴']"
172,밸런스&묵직한,피타 블렌드,"13,000원
200g","['3일 내 볶은 원두만 배송', '가벼운 산미', '블렌드', '미디엄 다크 로스팅', '직접 무역']","['에스프레소머신', '콜드브루', '커피메이커', '우유 넣은 라떼']","['과테말라', '콜롬비아', '에티오피아']"
173,밸런스&초콜릿,디카페인 블렌드,"12,000원
200g","['3일 내 볶은 원두만 배송', '디카페인', '새콤한 산미', '블렌드', '미디엄 다크 로스팅']","['에스프레소머신', '커피메이커', '우유 넣은 라떼']","['콜롬비아 엑셀소 EP 디카페인', '과테말라 엑셀소 EP 디카페인']"
174,고소&쌉쌀,썸즈업 블렌드,"7,000원
200g","['3일 내 볶은 원두만 배송', '산미가 없어요', '블렌드', '미디엄 다크 로스팅']","['에스프레소머신', '모카포트', '우유 넣은 라떼']","['과테말라', '브라질', '콜롬비아', '에티오피아']"
175,밸런스&긴여운,헥사 블렌드,"11,000원
200g","['3일 내 볶은 원두만 배송', '가벼운 산미', '블렌드', '미디엄 다크 로스팅']","['에스프레소머신', '콜드브루', '커피메이커', '우유 넣은 라떼']","['인도', '과테말라', '콜롬비아', '에티오피아']"
176,달콤&밸런스,44도 블렌드,"9,000원
200g","['3일 내 볶은 원두만 배송', '산미가 없어요', '블렌드', '다크 로스팅']","['커피메이커', '에스프레소머신', '에어로프레스', '블랙 그대로', '우유 넣은 라떼', '설탕 넣어서']","['브라질 내추럴', '콜롬비아 워시드', '과테말라 워시드', '에티오피아 예가체프 워시드']"
177,밸런스&초콜릿,콜롬비아 디카페인,"15,000원
200g","['매주 화 로스팅', '디카페인', '약한 산미', '싱글 오리진', '다크 로스팅']","['핸드드립', '커피메이커', '프렌치프레스', '블랙 그대로', '우유 넣은 라떼', '시럽 넣어서']","['콜롬비아', '후일라', '카투라+티피카']"
178,과일&밸런스,피어투피어,"17,000원
200g","['매주 화 로스팅', '가벼운 산미', '블렌드', '미디엄 로스팅']","['에스프레소머신', '핸드드립', '커피메이커', '블랙 그대로']","['에티오피아 첼베사 워시드', '코스타리카 헤네시스 비야사치 워시드', '케냐 띠리쿠 AB 워시드', '과테말라 인헤르토 네이티보 블렌드 워시드']"
179,초콜릿&견과류,인도 마이소르 너겟 엑스트라 볼드,"15,000원
200g","['3일 내 볶은 원두만 배송', '산미가 없어요', '싱글 오리진', '다크 로스팅']","['핸드드립', '커피메이커', '에어로프레스', '블랙 그대로']","['인도', '치크마갈로루', '795+SLN5+SLN9+Chandragiri+Catuai+Cauvery+Catimor']"
180,고소&초콜릿,콜롬비아 E.A 디카페인,"16,000원
200g","['3일 내 볶은 원두만 배송', '디카페인', '약한 산미', '싱글 오리진', '미디엄 다크 로스팅']","['핸드드립', '에스프레소머신', '블랙 그대로', '우유 넣은 라떼']","['콜롬비아', '카우카', '카투라+카스티요+콜롬비아']"
181,밸런스&달콤,DCW 블렌드,"14,000원
200g","['3일 내 볶은 원두만 배송', '디카페인', '약한 산미', '블렌드', '미디엄 로스팅']","['핸드드립', '에스프레소머신', '콜드브루', '블랙 그대로', '우유 넣은 라떼']","['콜롬비아 카투라 수프리모 스위스 워터 워시드', '에티오피아 시다모 에얼룸 G2 스위스 워터 워시드', '과테말라 SHB 스위스 워터 워시드']"
182,견과류&고소,과테말라 SHB SW 디카프,"14,000원
200g","['3일 내 볶은 원두만 배송', '디카페인', '약한 산미', '싱글 오리진', '미디엄 로스팅']","['핸드드립', '에스프레소머신', '콜드브루', '블랙 그대로']","['과테말라', '버본+카투라+카투아이']"
183,과일&초콜릿,에티오피아 G2 시다모 SW 디카프,"14,000원
200g","['3일 내 볶은 원두만 배송', '디카페인', '가벼운 산미', '싱글 오리진', '미디엄 로스팅']","['핸드드립', '에스프레소머신', '콜드브루', '블랙 그대로']","['에티오피아', '시다모', '에얼룸']"
184,달콤&고소,콜롬비아 수프리모 SW 디카프,"14,000원
200g","['3일 내 볶은 원두만 배송', '디카페인', '약한 산미', '싱글 오리진', '미디엄 로스팅']","['핸드드립', '에스프레소머신', '콜드브루', '블랙 그대로']","['콜롬비아', '카투라']"
185,달콤&상큼,케냐 구아마 AA TOP 마이크로 랏,"20,000원
200g","['3일 내 볶은 원두만 배송', '새콤한 산미', '싱글 오리진', '라이트 미디엄 로스팅']","['핸드드립', '커피메이커', '블랙 그대로']","['케냐', '키린야가', 'SL28+SL34']"
186,밸런스&부드러운,과테말라 와이칸 워시드,"14,000원
200g","['3일 내 볶은 원두만 배송', '약한 산미', '싱글 오리진', '미디엄 로스팅']","['핸드드립', '프렌치프레스', '에어로프레스', '블랙 그대로']","['과테말라', '와이칸', '웨웨테낭고', '티피카 + 카투라 + 버본 + 카투아이 + 파체']"
187,밸런스&견과류,스탠다드룸,"13,000원
200g","['매주 월 로스팅', '약한 산미', '블렌드', '미디엄 로스팅']","['핸드드립', '에스프레소머신', '블랙 그대로']","['과테말라 안티구아 프리미엄 버본 워시드', '브라질 술 데 미나스 카르모 드 미나스 산타루시아 옐로우 버본']"
188,고소&묵직한,스테이,"13,000원
200g","['매주 월 로스팅', '산미가 없어요', '블렌드', '미디엄 다크 로스팅']","['에스프레소머신', '핸드드립', '우유 넣은 라떼']","['브라질 미나스 제라이스 카르모 드 미나스 옐로우 버본 내추럴', '콜롬비아 카우카 papayan 워시드', '니카라과 누에바 세고비아 히노떼가 워시드']"
189,달콤&고소,노네임블렌드,"15,000원
200g","['3일 내 볶은 원두만 배송', '약한 산미', '블렌드', '미디엄 다크 로스팅']","['에스프레소머신', '에어로프레스', '콜드브루', '블랙 그대로']","['콜롬비아 카우카 papayan 워시드', '브라질 미나스 제라이스 세하도 레드 카투아이 내추럴', '인도 만자라바드 하산 콜렉션 워시드']"
190,상큼&깔끔한,수수블렌드,"16,000원
200g","['3일 내 볶은 원두만 배송', '새콤한 산미', '블렌드', '미디엄 로스팅']","['핸드드립', '에스프레소머신', '에어로프레스', '블랙 그대로', '우유 넣은 라떼']","['에티오피아 구지 우라가 고로 무다 내추럴', '에티오피아 예가체프 콩가 워시드']"
191,상큼&깔끔한,나폴리,"16,000원
200g","['3일 내 볶은 원두만 배송', '새콤한 산미', '블렌드', '미디엄 로스팅']","['핸드드립', '에스프레소머신', '커피메이커', '블랙 그대로']","['에티오피아 예가체프 코체레 에얼룸 G1 내추럴', '브라질 산타이네스 옐로우 버본 펄프드 내추럴', '콜롬비아 나리노 카스틸로 카투라 워시드']"
192,달콤&고소,하드워커,"12,000원
200g","['3일 내 볶은 원두만 배송', '약한 산미', '블렌드', '미디엄 다크 로스팅']","['에스프레소머신', '블랙 그대로', '우유 넣은 라떼', '설탕 넣어서']","['브라질', '과테말라', '콜롬비아']"
193,밸런스&깔끔한,콜롬비아 디카페인,"16,000원
200g","['3일 내 볶은 원두만 배송', '디카페인', '가벼운 산미', '싱글 오리진', '미디엄 다크 로스팅']","['에스프레소머신', '핸드드립', '에어로프레스', '블랙 그대로', '우유 넣은 라떼']","['콜롬비아', '나리노']"
194,밸런스&달콤,콜롬비아 싱글오리진 디카페인,"17,000원
200g","['매주 화 로스팅', '디카페인', '가벼운 산미', '싱글 오리진', '미디엄 다크 로스팅']","['핸드드립', '에스프레소머신', '콜드브루', '블랙 그대로']","['콜롬비아', '후일라', '티피카+카투라+콜롬비안']"
195,상큼&깔끔한,레이크 맥켄지,"16,000원
200g","['3일 내 볶은 원두만 배송', '가벼운 산미', '블렌드', '미디엄 로스팅', '공정 무역']","['에스프레소머신', '에어로프레스', '핸드드립', '블랙 그대로', '우유 넣은 라떼']","['에티오피아 예가체프 G2 토착종 내추럴', '케냐 니에리 AA 워시드']"
196,밸런스&부드러운,엘리 크릭,"16,000원
200g","['3일 내 볶은 원두만 배송', '가벼운 산미', '블렌드', '미디엄 다크 로스팅', '직접 무역']","['에스프레소머신', '에어로프레스', '핸드드립', '블랙 그대로', '우유 넣은 라떼']","['콜롬비아 칼다스 리사랄다 수프리모 워시드', '브라질 모지아나 NY2 내추럴', '과테말라 안티구아 SHB 버본 워시드', '에티오피아 예가체프 G2 토착종 내추럴']"
197,쌉쌀&묵직한,인디언 헤드,"14,000원
200g","['3일 내 볶은 원두만 배송', '산미가 없어요', '블렌드', '다크 로스팅']","['에스프레소머신', '커피메이커', '모카포트', '블랙 그대로', '우유 넣은 라떼']","['콜롬비아 안티오키아 카스틸로 카투라 수프리모 워시드', '브라질 모지아나 내추럴', '베트남 다크락 G1 로부스타 웻 폴리싱']"
198,달콤&묵직한,콜롬비아 디카페인 에스프레소,"14,000원
200g","['3일 내 볶은 원두만 배송', '디카페인', '산미가 없어요', '블렌드', '다크 로스팅']","['에스프레소머신', '커피메이커', '모카포트', '우유 넣은 라떼', '설탕 넣어서', '시럽 넣어서']",['콜롬비아 카우카 워시드']
199,밸런스&고소,브릭 에스프레소,"14,000원
200g","['3일 내 볶은 원두만 배송', '약한 산미', '블렌드', '미디엄 다크 로스팅']","['에스프레소머신', '핸드드립', '커피메이커', '블랙 그대로', '우유 넣은 라떼']","['과테말라 안티구아 엔트레 볼카네스 워시드', '콜롬비아 라 플라타 워시드', '인도 강가기리 워시드']"
200,밸런스&고소,클래식 에스프레소,"13,000원
200g","['3일 내 볶은 원두만 배송', '산미가 없어요', '블렌드', '다크 로스팅']","['에스프레소머신', '모카포트', '콜드브루', '블랙 그대로', '우유 넣은 라떼']","['브라질 모지아나 내추럴', '과테말라 안티구아 엔트레 볼카네스 워시드', '콜롬비아 나리노 라 유니온 워시드']"
201,달콤&부드러운,그 해 겨울,"14,000원
200g","['3일 내 볶은 원두만 배송', '가벼운 산미', '블렌드', '미디엄 로스팅', '직접 무역']","['핸드드립', '커피메이커', '에스프레소머신', '블랙 그대로', '우유 넣은 라떼']","['코스타리카', '과테말라', '에티오피아']"
202,꽃향기&밸런스,과테말라 우에우에테낭고 버번 워시드,"23,000원
200g","['3일 내 볶은 원두만 배송', '가벼운 산미', '싱글 오리진', '라이트 미디엄 로스팅']","['핸드드립', '커피메이커', '콜드브루', '블랙 그대로']","['과테말라', '우에우에테낭고', '버번']"
203,견과류&고소,콜롬비아 디카페인 한국커피 셀렉션,"14,000원
200g","['3일 내 볶은 원두만 배송', '디카페인', '약한 산미', '싱글 오리진', '미디엄 다크 로스팅', '직접 무역']","['핸드드립', '프렌치프레스', '에스프레소머신', '블랙 그대로']","['콜롬비아', '후일라', '카투라+핑크버본']"
204,고소&묵직한,뉴커먼,"12,000원
200g","['3일 내 볶은 원두만 배송', '산미가 없어요', '블렌드', '미디엄 다크 로스팅']","['에스프레소머신', '프렌치프레스', '모카포트', '블랙 그대로', '우유 넣은 라떼', '시럽 넣어서']","['콜롬비아 수프리모 워시드', '코스타리카 따라주 SHB 워시드', '브라질 세하도 NY2 내추럴']"
205,쌉쌀&묵직한,발렌타인,"13,000원
200g","['3일 내 볶은 원두만 배송', '산미가 없어요', '블렌드', '미디엄 다크 로스팅']","['에스프레소머신', '콜드브루', '핸드드립', '블랙 그대로', '우유 넣은 라떼', '시럽 넣어서']","['인도네시아 만델링 G1', '코스타리카 따라주 SHB 워시드']"
206,상큼&부드러운,브라이트,"14,000원
200g","['3일 내 볶은 원두만 배송', '새콤한 산미', '블렌드', '라이트 미디엄 로스팅', '직접 무역']","['에스프레소머신', '핸드드립', '블랙 그대로']","['에티오피아 내추럴', '코스타리카 워시드']"
207,쌉쌀&묵직한,블랙 앤 모어,"11,000원
200g","['3일 내 볶은 원두만 배송', '산미가 없어요', '블렌드', '다크 로스팅']","['에스프레소머신', '모카포트', '콜드브루', '블랙 그대로', '우유 넣은 라떼', '설탕 넣어서']","['과테말라 라벨라 워시드', '브라질 이파네마 펄프드내추럴', '콜롬비아 히랄도 워시드']"
208,밸런스&부드러운,스윗 앤 모어,"11,000원
200g","['3일 내 볶은 원두만 배송', '약한 산미', '블렌드', '미디엄 다크 로스팅']","['에스프레소머신', '모카포트', '핸드드립', '블랙 그대로', '우유 넣은 라떼']","['에티오피아 예가체프 골라 내추럴', '과테말라 라벨라 워시드', '브라질 이파네마 펄프드내추럴', '콜롬비아 히랄도 워시드']"
209,상큼&깔끔한,글램 앤 모어,"13,000원
200g","['3일 내 볶은 원두만 배송', '새콤한 산미', '블렌드', '라이트 미디엄 로스팅']","['에스프레소머신', '핸드드립', '블랙 그대로', '우유 넣은 라떼']","['에티오피아 구지 함벨라 dega 무산소 내추럴', '케냐 키린야가 Gakuyu-ini 워시드']"
210,달콤&상큼,코스타리카 핀카 마초 워시드,"19,000원
200g","['3일 내 볶은 원두만 배송', '새콤한 산미', '싱글 오리진', '미디엄 로스팅']","['핸드드립', '커피메이커', '프렌치프레스', '블랙 그대로']","['코스타리카', '마초', '따라주', '1900mm', '카투아이']"
211,밸런스&고소,과테말라 디카페인 마운틴워터 프로세스,"16,000원
200g","['3일 내 볶은 원두만 배송', '디카페인', '가벼운 산미', '싱글 오리진', '미디엄 다크 로스팅']","['핸드드립', '프렌치프레스', '블랙 그대로', '우유 넣은 라떼']",['과테말라']
212,고소&쌉쌀,리밀 블렌드,"13,000원
200g","['매주 화 로스팅', '약한 산미', '블렌드', '미디엄 다크 로스팅']","['에스프레소머신', '콜드브루', '모카포트', '블랙 그대로', '우유 넣은 라떼', '설탕 넣어서']","['브라질 알타 모지아나 이비라시 코카필 내추럴', '과테말라 안티구아 워시드', '인도 마이소르 너겟 엑스트라 볼드 워시드']"
213,쌉쌀&초콜릿,마누 블렌드,"13,000원
200g","['3일 내 볶은 원두만 배송', '산미가 없어요', '블렌드', '다크 로스팅']","['에스프레소머신', '콜드브루', '핸드드립', '설탕 넣어서', '시럽 넣어서']","['브라질 알타 모지아나 이비라시 코카필 내추럴', '인도 카피로얄 AA Fully Washed']"
214,달콤&상큼,룰라바이,"18,000원
200g","['매주 월 로스팅', '디카페인', '가벼운 산미', '블렌드', '미디엄 로스팅']","['핸드드립', '블랙 그대로']","['멕시코 우아투스코 디카페인', '콜롬비아 엘 파라이소 디카페인']"
215,밸런스&부드러운,커넥츠 블렌드,"14,000원
200g","['3일 내 볶은 원두만 배송', '약한 산미', '블렌드', '미디엄 로스팅', '직접 무역']","['에스프레소머신', '핸드드립', '에어로프레스', '블랙 그대로']","['콜롬비아 후일라 셀렉션 워시드', '에티오피아 콩가 내추럴', '코스타리카 몬테 브리사스 옐로우 허니', '인도 강가기리 워시드', '과테말라 엘 소코로 레드 버본 워시드']"
216,달콤&고소,온두라스 엘 푸엔테 워시드,"18,000원
200g","['3일 내 볶은 원두만 배송', '약한 산미', '블렌드', '미디엄 로스팅']","['핸드드립', '커피메이커', '프렌치프레스', '블랙 그대로']",['온두라스 엘 푸엔테 카투아이 워시드']
217,상큼&깔끔한,호이스트,"15,000원
200g","['3일 내 볶은 원두만 배송', '가벼운 산미', '블렌드', '미디엄 로스팅']","['에스프레소머신', '핸드드립', '에어로프레스', '블랙 그대로']","['온두라스 엘 푸엔테 카투아이 워시드', '에티오피아 시다마 하마쇼 74158 워시드', '에티오피아 구지 함벨라 아라카 내추럴']"
218,고소&묵직한,오버타임,"14,000원
200g","['3일 내 볶은 원두만 배송', '산미가 없어요', '블렌드', '미디엄 다크 로스팅']","['에스프레소머신', '모카포트', '핸드드립', '우유 넣은 라떼']","['브라질 사맘바이아 옐로우 버본 펄프드 내추럴', '과테말라 라 에스페란자 워시드', '에티오피아 구지 함벨라 토착종 내추럴']"
219,상큼&달콤,허클베리,"14,000원
200g","['3일 내 볶은 원두만 배송', '가벼운 산미', '블렌드', '미디엄 로스팅']","['핸드드립', '커피메이커', '블랙 그대로', '우유 넣은 라떼']","['과테말라', '콜롬비아', '에티오피아']"
220,깔끔한&밸런스,올드타운,"13,000원
200g","['3일 내 볶은 원두만 배송', '가벼운 산미', '블렌드', '미디엄 로스팅']","['에스프레소머신', '핸드드립', '커피메이커', '블랙 그대로', '우유 넣은 라떼']","['과테말라', '콜롬비아']"
221,달콤&과일,과테말라 라 볼사 워시드,"15,000원
200g","['3일 내 볶은 원두만 배송', '약한 산미', '싱글 오리진', '미디엄 로스팅', '직접 무역']","['핸드드립', '에스프레소머신', '에어로프레스', '블랙 그대로']","['과테말라', '라볼사', '웨웨테낭고', '카투라+버본']"
222,부드러운&견과류,콜롬비아 칼다스 워시드,"14,000원
200g","['3일 내 볶은 원두만 배송', '약한 산미', '싱글 오리진', '미디엄 로스팅', '직접 무역']","['핸드드립', '에스프레소머신', '에어로프레스', '블랙 그대로']","['콜롬비아', 'various', '칼다스', '카스티요+카투라+콜롬비아']"
223,달콤&과일,에티오피아 시다마 카라모 내추럴,"23,000원
200g","['3일 내 볶은 원두만 배송', '가벼운 산미', '싱글 오리진', '라이트 미디엄 로스팅']","['핸드드립', '커피메이커', '에스프레소머신', '블랙 그대로']","['에티오피아', '카라모', '시다모', '2260-2360mm', '74158']"
224,고소&묵직한,프라이데이,"14,000원
210g","['3일 내 볶은 원두만 배송', '가벼운 산미', '블렌드', '미디엄 다크 로스팅']","['에스프레소머신', '블랙 그대로', '시럽 넣어서']","['콜롬비아 우일라 라 플라타 워시드', '에티오피아 시다모 내추럴', '브라질 다스 알마스 버본 펄프드 내추럴']"
225,밸런스&깔끔한,아이스브레이커,"17,000원
210g","['3일 내 볶은 원두만 배송', '새콤한 산미', '블렌드', '미디엄 로스팅']","['에스프레소머신', '블랙 그대로']","['콜롬비아 나리노 아폰테 허니', '브라질 산 세바스찬 다 그라마 옐로우 버본 내추럴']"
226,달콤&깔끔한,에티오피아 시다모 두완초 G1 내추럴,"29,000원
200g","['매주 화 로스팅', '가벼운 산미', '싱글 오리진', '미디엄 로스팅']","['핸드드립', '블랙 그대로']","['시다모', '벤사', '74158']"
227,밸런스&과일,알렉세이션,"16,000원
200g","['매주 월, 화, 수, 목, 금 로스팅', '가벼운 산미', '블렌드', '미디엄 로스팅']","['에스프레소머신', '핸드드립', '콜드브루', '블랙 그대로', '우유 넣은 라떼']","['에티오피아 구지 함벨라 부쿠 사이사', '과테말라 플로르 델 로사리오 워시드']"
228,밸런스&부드러운,콜롬비아 타비 인디오 아나에로빅,"26,000원
200g","['매주 화 로스팅', '가벼운 산미', '싱글 오리진', '미디엄 로스팅', '직접 무역']","['핸드드립', '블랙 그대로']","['콜롬비아', '1650mm', '핀카 라 줄리아', '타비']"
229,상큼&깔끔한,콜롬비아 파넬라 스티키 핑크버번,"25,000원
200g","['매주 화 로스팅', '새콤한 산미', '싱글 오리진', '라이트 미디엄 로스팅']","['핸드드립', '블랙 그대로']","['콜롬비아', '1800mm', '이소스', '핑크버본']"
230,달콤&깔끔한,라이카의 여름,"14,000원
200g","['3일 내 볶은 원두만 배송', '가벼운 산미', '블렌드', '미디엄 로스팅']","['에스프레소머신', '핸드드립', '프렌치프레스', '블랙 그대로', '우유 넣은 라떼']","['코스타리카 재규어 브라운허니', '과테말라 라 글로리아', '에티오피아 아리차 에이미 G1 내추럴', '에티오피아 아리차 에이미 G1 워시드']"
231,상큼&부드러운,안녕잠비,"14,000원
200g","['3일 내 볶은 원두만 배송', '새콤한 산미', '블렌드', '라이트 로스팅']","['에스프레소머신', '핸드드립', '프렌치프레스', '블랙 그대로']","['에티오피아 웨스트 아르시 리피사 G1 내추럴', '에티오피아 예가체프 아리차 에이미 워시드', '에티오피아 예가체프 아리차 G1 내추럴']"
232,밸런스&달콤,나이트아울 블렌드,"12,000원
200g","['3일 내 볶은 원두만 배송', '약한 산미', '블렌드', '미디엄 로스팅', '공정 무역']","['에스프레소머신', '모카포트', '콜드브루', '우유 넣은 라떼']","['과테말라 안티구아 아카테 SHB 혼합종 워시드', '콜롬비아 쿤디나마르카 혼합종 워시드']"
233,달콤&쌉쌀,오드아이,"16,000원
220g","['3일 내 볶은 원두만 배송', '산미가 없어요', '블렌드', '다크 로스팅']","['핸드드립', '커피메이커', '에스프레소머신', '블랙 그대로', '우유 넣은 라떼', '설탕 넣어서']","['에티오피아 G1', '온두라스 내추럴', '에티오피아 G1 내추럴', '에티오피아 G2']"
234,쌉쌀&묵직한,모노톤,"11,000원
220g","['3일 내 볶은 원두만 배송', '산미가 없어요', '블렌드', '미디엄 다크 로스팅']","['핸드드립', '에스프레소머신', '콜드브루', '설탕 넣어서', '시럽 넣어서']","['과테말라', '브라질', '에티오피아 G1', '인도네시아 만델링', '에티오피아 G2']"
235,고소&견과류,디카페인 블렌드,"15,000원
200g","['3일 내 볶은 원두만 배송', '디카페인', '산미가 없어요', '블렌드', '다크 로스팅', '직접 무역']","['에스프레소머신', '핸드드립', '프렌치프레스', '블랙 그대로']","['과테말라', '에티오피아']"
236,달콤&과일,브라질 캄포 알레그레,"15,000원
200g","['3일 내 볶은 원두만 배송', '가벼운 산미', '싱글 오리진', '미디엄 로스팅', '직접 무역']","['핸드드립', '프렌치프레스', '에스프레소머신', '블랙 그대로']","['브라질', '캄포 알레그레', '미나스', '옐로 카투아이']"
237,상큼&과일,에티오피아 구지 우라가,"15,000원
200g","['3일 내 볶은 원두만 배송', '가벼운 산미', '싱글 오리진', '미디엄 로스팅', '직접 무역']","['핸드드립', '프렌치프레스', '에스프레소머신', '블랙 그대로']","['에티오피아', '고메로', '구지 우라가', '에얼룸']"
238,고소&밸런스,웨이브온 블렌드,"15,000원
200g","['3일 내 볶은 원두만 배송', '약한 산미', '블렌드', '미디엄 다크 로스팅', '직접 무역']","['에스프레소머신', '핸드드립', '커피메이커', '블랙 그대로', '우유 넣은 라떼']","['과테말라', '브라질', '에티오피아']"
239,밸런스&깔끔한,66도 블렌드,"10,000원
200g","['매주 월, 화, 수, 목, 금 로스팅', '산미가 없어요', '블렌드', '미디엄 로스팅']","['에스프레소머신', '커피메이커', '콜드브루', '블랙 그대로', '우유 넣은 라떼']","['과테말라', '콜롬비아', '에티오피아']"
240,달콤&부드러운,33도 블렌드,"14,000원
200g","['매주 월, 화, 수, 목, 금 로스팅', '가벼운 산미', '블렌드', '라이트 미디엄 로스팅']","['에스프레소머신', '핸드드립', '커피메이커', '블랙 그대로', '우유 넣은 라떼', '시럽 넣어서']","['에티오피아 내추럴', '에티오피아 허니']"
241,고소&묵직한,77도 블렌드,"10,000원
200g","['매주 월, 화, 수, 목, 금 로스팅', '산미가 없어요', '블렌드', '미디엄 다크 로스팅']","['에스프레소머신', '커피메이커', '모카포트', '블랙 그대로', '우유 넣은 라떼']","['과테말라', '브라질', '인도네시아']"
242,꽃향기&화사한,날아올라,"15,000원
200g","['3일 내 볶은 원두만 배송', '새콤한 산미', '싱글 오리진', '라이트 미디엄 로스팅', '직접 무역']","['핸드드립', '프렌치프레스', '커피메이커', '블랙 그대로', '우유 넣은 라떼']","['에티오피아', '1860-2160mm', '시다모', '74110 + 74112 + 74158']"
243,달콤&과일,봄의 제전,"17,000원
200g","['3일 내 볶은 원두만 배송', '새콤한 산미', '싱글 오리진', '라이트 미디엄 로스팅', '직접 무역']","['핸드드립', '에스프레소머신', '프렌치프레스', '블랙 그대로', '우유 넣은 라떼']","['에티오피아', '에티오피아', '비르투칸, 부투', '게뎁', '이디도', '에얼룸', '에얼룸 74112, 74110+74158']"
244,고소&부드러운,브릴리,"12,500원
200g","['3일 내 볶은 원두만 배송', '약한 산미', '싱글 오리진', '미디엄 다크 로스팅', '직접 무역']","['에스프레소머신', '핸드드립', '커피메이커', '블랙 그대로', '우유 넣은 라떼']","['브라질', '세르타오', '카르모', '1100-1450mm', '옐로우 버본']"
245,쌉쌀&깔끔한,비숲,"12,000원
200g","['3일 내 볶은 원두만 배송', '산미가 없어요', '블렌드', '다크 로스팅', '직접 무역']","['에스프레소머신', '콜드브루', '모카포트', '설탕 넣어서', '시럽 넣어서']","['인도 카르나타카 아티칸 워시드', '에티오피아 짐마 누라 내추럴']"
246,상큼&깔끔한,Seasonal Blend,"15,000원
200g","['매주 월, 화, 수, 목, 금 로스팅', '새콤한 산미', '블렌드', '라이트 미디엄 로스팅', '직접 무역']","['핸드드립', '커피메이커', '에어로프레스', '블랙 그대로']","['콜롬비아 안티오키아 라 수이자 카투라 워시드', '과테말라 엘 사포테 카투라 세미 워시드', '에티오피아 구지 지게사 에얼룸 내추럴']"
247,밸런스&깔끔한,Classic Blend,"13,000원
200g","['매주 월, 화, 수, 목, 금 로스팅', '약한 산미', '블렌드', '미디엄 다크 로스팅', '직접 무역']","['커피메이커', '모카포트', '핸드드립', '블랙 그대로', '설탕 넣어서']","['콜롬비아 안티오키아 라 수이자 카투라 워시드', '과테말라 산 로렌소 카투라 워시드', '코스타리카 Coopelibertad 카투라 워시드']"
248,쌉쌀&묵직한,Classic Plus Blend,"13,000원
200g","['매주 월, 화, 수, 목, 금 로스팅', '산미가 없어요', '블렌드', '다크 로스팅', '직접 무역']","['모카포트', '커피메이커', '에스프레소머신', '우유 넣은 라떼', '시럽 넣어서']","['콜롬비아 안티오키아 라 수이자 카투라 워시드', '과테말라 산 로렌소 카투라 워시드', '코스타리카 Coopelibertad 카투라 워시드']"
249,고소&부드러운,Decaffeinated Blend,"15,000원
200g","['매주 월, 화, 수, 목, 금 로스팅', '디카페인', '가벼운 산미', '블렌드', '미디엄 로스팅']","['커피메이커', '핸드드립', '에어로프레스', '블랙 그대로', '우유 넣은 라떼', '설탕 넣어서']","['에티오피아 사키소 테이드 디카페인 내추럴', '콜롬비아 산 아구스틴 디카페인', '과테말라 웨웨테낭고 디카페인']"
250,고소&쌉쌀,마리모,"13,000원
250g","['매주 월, 화, 수, 목, 금 로스팅', '산미가 없어요', '블렌드', '미디엄 다크 로스팅']","['모카포트', '커피메이커', '에스프레소머신', '블랙 그대로', '우유 넣은 라떼', '설탕 넣어서']","['브라질 산토스 NY2 FC 레드 카투아이 내추럴', '인도 와야나 AA 로부스타 워시드']"
251,밸런스&견과류,리들리,"15,000원
250g","['매주 월, 화, 수, 목, 금 로스팅', '약한 산미', '블렌드', '미디엄 다크 로스팅']","['에스프레소머신', '에어로프레스', '콜드브루', '블랙 그대로', '우유 넣은 라떼']","['브라질 세라도 NY2 FC 레드 카투아이 내추럴', '콜롬비아 톨리마 무헤레스 워시드']"
252,과일&깔끔한,몬스테라,"18,000원
250g","['매주 월, 화, 수, 목, 금 로스팅', '새콤한 산미', '블렌드', '미디엄 로스팅']","['에스프레소머신', '핸드드립', '콜드브루', '블랙 그대로', '우유 넣은 라떼']","['케냐 니에리 AA 혼합종 워시드', '에티오피아 예가체프 코케 G1 에얼룸 내추럴']"
253,초콜릿&묵직한,과테말라 안티구아 디카페인,"14,000원
150g","['3일 내 볶은 원두만 배송', '디카페인', '산미가 없어요', '싱글 오리진', '다크 로스팅']","['핸드드립', '콜드브루', '모카포트', '블랙 그대로']","['과테말라', '안티구아']"
254,꽃향기&은은한,에티오피아 G1 콩가,"14,000원
150g","['3일 내 볶은 원두만 배송', '새콤한 산미', '싱글 오리진', '미디엄 로스팅']","['핸드드립', '모카포트', '콜드브루', '블랙 그대로']","['에티오피아', '콩가협동조합', '게데오', '에얼룸']"
255,고소&쌉쌀,포스트업,"14,000원
200g","['매주 월, 화, 수, 목, 금 로스팅', '산미가 없어요', '블렌드', '다크 로스팅']","['에스프레소머신', '콜드브루', '핸드드립', '블랙 그대로', '우유 넣은 라떼']","['브라질 다테라 버본', '과테말라 웨웨테낭고 리오 아줄']"
256,밸런스&깔끔한,리볼브,"14,000원
200g","['매주 월, 화, 수, 목, 금 로스팅', '가벼운 산미', '블렌드', '미디엄 로스팅']","['에스프레소머신', '커피메이커', '핸드드립', '블랙 그대로', '우유 넣은 라떼']","['브라질 다테라 버본', '콜롬비아 나리노 라 유니온', '과테말라 웨웨테낭고 엘 린콘']"
257,깔끔한&달콤,BABY BLEND,"16,000원
250g","['매주 월, 화, 수, 목, 금 로스팅', '약한 산미', '블렌드', '미디엄 로스팅']","['에스프레소머신', '핸드드립', '블랙 그대로', '우유 넣은 라떼', '설탕 넣어서']","['에티오피아 리무 볼렌소 혼합종 내추럴', '인도 카르나타카 아티칸 워시드', '온두라스 마리사벨 블렌드 카투아이 워시드']"
258,묵직한&풍부한,HAUS BLEND,"16,000원
250g","['매주 월, 화, 수, 목, 금 로스팅', '산미가 없어요', '블렌드', '다크 로스팅']","['에스프레소머신', '핸드드립', '콜드브루', '블랙 그대로', '우유 넣은 라떼', '설탕 넣어서']","['온두라스 마리사벨 블렌드 카투아이 워시드', '인도 카르나타카 아티칸 워시드']"
259,초콜릿&과일,에티오피아 리무 볼렌소,"19,000원
250g","['매주 월, 화, 수, 목, 금 로스팅', '가벼운 산미', '싱글 오리진', '미디엄 다크 로스팅']","['핸드드립', '에스프레소머신', '콜드브루', '블랙 그대로', '우유 넣은 라떼', '설탕 넣어서']","['에티오피아', '리무 볼레소', '74110 + 74112 + 74165']"
260,쌉쌀&묵직한,STRONG BLEND,"11,500원
200g","['3일 내 볶은 원두만 배송', '산미가 없어요', '블렌드', '다크 로스팅']","['에스프레소머신', '커피메이커', '모카포트', '블랙 그대로', '우유 넣은 라떼', '설탕 넣어서']","['과테말라', '브라질', '인도 로부스타']"
261,초콜릿&과일,ESPRESSO 1,"12,500원
200g","['3일 내 볶은 원두만 배송', '가벼운 산미', '블렌드', '미디엄 로스팅']","['에스프레소머신', '핸드드립', '커피메이커', '블랙 그대로']","['과테말라', '브라질', '콜롬비아', '에티오피아']"
262,초콜릿&묵직한,ESPRESSO 2,"12,500원
200g","['3일 내 볶은 원두만 배송', '약한 산미', '블렌드', '다크 로스팅', '직접 무역']","['에스프레소머신', '커피메이커', '콜드브루', '블랙 그대로', '우유 넣은 라떼']","['콜롬비아', '온두라스']"
263,과일&풍부한,ESPRESSO 3s,"13,500원
200g","['3일 내 볶은 원두만 배송', '가벼운 산미', '블렌드', '다크 로스팅', '직접 무역']","['에스프레소머신', '핸드드립', '콜드브루', '블랙 그대로', '우유 넣은 라떼', '설탕 넣어서']","['에티오피아', '온두라스']"
264,달콤&초콜릿,CLASSIC BLEND,"11,500원
200g","['3일 내 볶은 원두만 배송', '가벼운 산미', '블렌드', '다크 로스팅', '직접 무역']","['에스프레소머신', '모카포트', '커피메이커', '블랙 그대로', '설탕 넣어서']","['과테말라', '에티오피아']"
265,고소&묵직한,리버벨 블렌드 A,"11,000원
150g","['매주 월, 화, 수, 목, 금 로스팅', '약한 산미', '블렌드', '미디엄 다크 로스팅']","['에스프레소머신', '핸드드립', '콜드브루', '블랙 그대로', '우유 넣은 라떼']","['브라질 내추럴', '에티오피아 워시드', '인도 워시드']"
266,과일&은은한,리버벨 블렌드 B,"12,000원
150g","['매주 월, 화, 수, 목, 금 로스팅', '새콤한 산미', '블렌드', '라이트 미디엄 로스팅']","['핸드드립', '에스프레소머신', '콜드브루', '블랙 그대로', '우유 넣은 라떼']","['에티오피아 시다모 워시드', '에티오피아 G1 콩가 내추럴']"
267,밸런스&깔끔한,안목 블렌드,"13,000원
200g","['매주 월, 화, 수, 목, 금 로스팅', '새콤한 산미', '블렌드', '미디엄 다크 로스팅']","['에스프레소머신', '모카포트', '커피메이커', '블랙 그대로']","['과테말라 안티구아 SHB', '에티오피아 예가체프 G2 코체레', '코스타리카 볼칸 아술 볼칸시토 화이트 허니']"
268,고소&부드러운,문래 블렌드,"13,000원
200g","['매주 월, 화, 수, 목, 금 로스팅', '산미가 없어요', '블렌드', '미디엄 다크 로스팅']","['에스프레소머신', '모카포트', '커피메이커', '우유 넣은 라떼', '설탕 넣어서', '시럽 넣어서']","['에티오피아 게데오 예가체프 Biloya 에얼룸 내추럴', '브라질 미나스 제라이스 카르모 드 미나스 옐로우 버본 내추럴']"
269,고소&묵직한,이탈리안잡 블렌드,"13,000원
200g","['매주 월, 화, 수, 목, 금 로스팅', '약한 산미', '블렌드', '미디엄 다크 로스팅']","['에스프레소머신', '핸드드립', '모카포트', '블랙 그대로', '우유 넣은 라떼', '설탕 넣어서']","['콜롬비아 워시드', '엘살바도르 워시드']"
270,밸런스&깔끔한,클래식 블렌드,"14,000원
200g","['매주 월, 화, 수, 목, 금 로스팅', '가벼운 산미', '블렌드', '미디엄 로스팅']","['에스프레소머신', '핸드드립', '블랙 그대로']","['콜롬비아 워시드', '엘살바도르 워시드']"
271,쌉쌀&묵직한,디카페인 올 데이 블렌드,"10,600원
200g","['매주 월, 화, 수, 목, 금 로스팅', '디카페인', '약한 산미', '블렌드', '다크 로스팅']","['에스프레소머신', '커피메이커', '프렌치프레스', '블랙 그대로']","['과테말라 웨웨테낭고 SHB 워시드', '브라질 산토스 NY2 워시드', '에티오피아 예가체프 G2-G4 내추럴']"
272,밸런스&부드러운,디카페인 과테말라 블렌드,"10,600원
200g","['매주 월, 화, 수, 목, 금 로스팅', '디카페인', '가벼운 산미', '블렌드', '미디엄 다크 로스팅']","['핸드드립', '에스프레소머신', '콜드브루', '블랙 그대로', '우유 넣은 라떼', '시럽 넣어서']",['과테말라 웨웨테낭고 SHB 워시드']
273,과일&화사한,디카페인 에티오피아 블렌드,"10,600원
200g","['매주 월, 화, 수, 목, 금 로스팅', '디카페인', '새콤한 산미', '블렌드', '라이트 미디엄 로스팅']","['핸드드립', '콜드브루', '블랙 그대로', '우유 넣은 라떼']",['에티오피아 예가체프 내추럴']
274,고소&상큼,상큼한초밥 블렌딩,"9,000원
200g","['3일 내 볶은 원두만 배송', '가벼운 산미', '블렌드', '미디엄 다크 로스팅']","['모카포트', '핸드드립', '에스프레소머신', '블랙 그대로', '우유 넣은 라떼', '설탕 넣어서']","['브라질 세라도 NY2 파인컵 네추럴', '에티오피아 테피 게이샤 G2 워시드']"
275,고소&밸런스,고소한쌀밥 블렌딩,"9,000원
200g","['3일 내 볶은 원두만 배송', '산미가 없어요', '블렌드', '미디엄 다크 로스팅']","['에스프레소머신', '핸드드립', '모카포트', '블랙 그대로', '우유 넣은 라떼', '설탕 넣어서']","['브라질 세라도 NY2 파인컵 네추럴', '엘살바도르 서부 Apaneca-llamatepec SHG 워시드']"
276,초콜릿&묵직한,"시티, 서울","18,000원
200g","['매주 일, 화 로스팅', '가벼운 산미', '블렌드', '미디엄 다크 로스팅']","['핸드드립', '모카포트', '에스프레소머신', '블랙 그대로', '우유 넣은 라떼']","['브라질 세라도 파트로시노 파젠다 산토 안토니오 내추럴', '콜롬비아 칼다스 리사랄다 수프리모 워시드', '인도 치크마갈로루 카타카 Badra Estate & Industries Ltd. 워시드']"
277,밸런스&고소,우일라 디카페인,"16,000원
200g","['3일 내 볶은 원두만 배송', '디카페인', '가벼운 산미', '싱글 오리진', '미디엄 다크 로스팅']","['에스프레소머신', '콜드브루', '커피메이커', '블랙 그대로', '우유 넣은 라떼', '설탕 넣어서']","['콜롬비아', '제노바', '퀸디오', '카투라+콜롬비아+카스티요']"
278,고소&밸런스,콜롬비아 디카페인,"15,000원
200g","['매주 월 로스팅', '디카페인', '약한 산미', '싱글 오리진', '미디엄 로스팅']","['에스프레소머신', '핸드드립', '콜드브루', '블랙 그대로', '우유 넣은 라떼']","['콜롬비아', '수로에스떼', '티피카+카투라']"
279,고소&쌉쌀,콜롬비아 디카페인,"15,000원
200g","['3일 내 볶은 원두만 배송', '디카페인', '산미가 없어요', '싱글 오리진', '다크 로스팅']","['에스프레소머신', '모카포트', '핸드드립', '블랙 그대로', '우유 넣은 라떼']","['콜롬비아', '후일라', '카투라+티피카']"
280,쌉쌀&깔끔한,디카프리오,"15,000원
200g","['매주 월, 화, 수, 목, 금 로스팅', '디카페인', '가벼운 산미', '싱글 오리진', '미디엄 다크 로스팅', '유기농 커피', '공정 무역', '직접 무역']","['핸드드립', '에어로프레스', '모카포트', '블랙 그대로', '우유 넣은 라떼']","['페루', 'APAS VAHU', '차차포야스', '1900-2200mm', '버본+티피카+카투아이+카투라+문도노보+파치']"
281,쌉쌀&깔끔한,풍요로운 땅,"12,500원
200g","['매주 월, 화, 수, 목, 금 로스팅', '가벼운 산미', '블렌드', '다크 로스팅', '직접 무역']","['에스프레소머신', '모카포트', '커피메이커', '블랙 그대로', '우유 넣은 라떼', '설탕 넣어서']","['페루 카하마르카 산이그나시오 워시드', '브라질 카르모 세하네그라 내추럴', '콜롬비아 나리노 워시드']"
282,달콤&과일,다크우드,"13,500원
200g","['매주 월, 화, 수, 목, 금 로스팅', '가벼운 산미', '블렌드', '다크 로스팅', '직접 무역']","['에스프레소머신', '콜드브루', '모카포트', '블랙 그대로', '우유 넣은 라떼', '시럽 넣어서']","['과테말라 웨웨테낭고 와이칸 워시드', '에티오피아 이디도 비르투칸 부투 혼합종 내추럴']"
283,밸런스&과일,숲,"13,500원
200g","['매주 월, 화, 수, 목, 금 로스팅', '가벼운 산미', '블렌드', '미디엄 다크 로스팅', '직접 무역']","['에스프레소머신', '에어로프레스', '핸드드립', '블랙 그대로', '우유 넣은 라떼']","['에티오피아 워르카 워시드', '브라질 카르모 내추럴']"
284,달콤&부드러운,위WE,"14,000원
200g","['매주 월, 화, 수, 목, 금 로스팅', '새콤한 산미', '블렌드', '미디엄 로스팅', '직접 무역']","['핸드드립', '커피메이커', '프렌치프레스', '블랙 그대로', '우유 넣은 라떼']","['과테말라 웨웨테낭고 풀리 워시드', '에티오피아 워르카 워시드']"
285,밸런스&달콤,젠틀레인 디카페인,"13,000원
250g","['매주 화 로스팅', '디카페인', '약한 산미', '블렌드', '미디엄 다크 로스팅']","['에스프레소머신', '콜드브루', '핸드드립', '블랙 그대로', '우유 넣은 라떼', '설탕 넣어서']","['브라질 세하도 내추럴 스위스워터 디카페인', '에티오피아 지데오 워르카 에얼룸 내추럴 스위스워터 디카페인']"
286,상큼&깔끔한,빈야도르 블렌드,"15,000원
200g","['매주 월, 화, 수, 목, 금 로스팅', '새콤한 산미', '블렌드', '라이트 로스팅']","['핸드드립', '커피메이커', '에스프레소머신', '블랙 그대로', '우유 넣은 라떼']","['콜롬비아 우일라 라 플라타 워시드', '에티오피아 샤키소 타데 G1 워리쇼 구루메 내추럴']"
287,밸런스&부드러운,르네테르 블렌드,"16,000원
200g","['3일 내 볶은 원두만 배송', '약한 산미', '블렌드', '미디엄 로스팅']","['핸드드립', '커피메이커', '에스프레소머신', '블랙 그대로', '우유 넣은 라떼', '설탕 넣어서']","['과테말라 웨웨테낭고 워시드', '온두라스 라빠스 워시드', '코스타리카 돈카이토 카투아이 화이트 허니']"
288,과일&부드러운,에티오피아 베레게티 게이샤 G1 내추럴,"16,000원
200g","['매주 월, 화, 수, 목, 금 로스팅', '가벼운 산미', '싱글 오리진', '라이트 미디엄 로스팅']","['에스프레소머신', '핸드드립', '커피메이커', '블랙 그대로', '우유 넣은 라떼']","['에티오피아', '토레 디스트릭트', '오로미아 구지', '게이샤']"
289,상큼&달콤,램블 블렌드,"16,000원
200g","['3일 내 볶은 원두만 배송', '새콤한 산미', '블렌드', '라이트 미디엄 로스팅']","['핸드드립', '커피메이커', '프렌치프레스', '블랙 그대로']","['에티오피아 게뎁 우리 G1', '에티오피아 예가체프 G1']"
290,달콤&밸런스,딥씨 블렌드,"14,000원
200g","['3일 내 볶은 원두만 배송', '가벼운 산미', '블렌드', '미디엄 로스팅']","['핸드드립', '커피메이커', '콜드브루', '블랙 그대로', '우유 넣은 라떼']","['콜롬비아 나리노 산 안토니오', '에티오피아 게뎁 우리 G1', '과테말라 와이칸 워시드']"
291,달콤&쌉쌀,공단향 블렌드,"14,000원
200g","['3일 내 볶은 원두만 배송', '약한 산미', '블렌드', '다크 로스팅']","['에스프레소머신', '에어로프레스', '모카포트', '우유 넣은 라떼', '설탕 넣어서']","['콜롬비아 나리노 산 안토니오', '에티오피아 게뎁 우리 G1', '케냐 AA Top 니에리']"
292,밸런스&고소,클래식 블렌드,"12,000원
200g","['3일 내 볶은 원두만 배송', '산미가 없어요', '블렌드', '미디엄 다크 로스팅']","['에스프레소머신', '모카포트', '커피메이커', '블랙 그대로', '우유 넣은 라떼']","['인도 마이소르 너겟', '콜롬비아 후일라 몬테벨로', '코스타리카 Coopelibertad']"
293,고소&묵직한,릴리슈슈,"14,000원
200g","['3일 내 볶은 원두만 배송', '산미가 없어요', '블렌드', '미디엄 다크 로스팅']","['에스프레소머신', '모카포트', '핸드드립', '블랙 그대로', '우유 넣은 라떼']","['에티오피아 시다모 구지 G2 워시드', '콜롬비아 월드 헤리티지 유네스코 워시드', '에티오피아 아리차 에이미 G1 워시드']"
294,묵직한&쌉쌀,강배전 블렌드,"15,000원
200g","['매주 화, 수, 목, 금, 토 로스팅', '산미가 없어요', '블렌드', '다크 로스팅', '직접 무역']","['핸드드립', '모카포트', '콜드브루', '블랙 그대로', '우유 넣은 라떼', '설탕 넣어서']","['케냐 오타야 니에리 AA+ 워시드', '탄자니아 모시 AA 워시드', '브라질 세라도 판타노 NY23 BSCA 옐로우 버본 내추럴', '콜롬비아 나리노 카투라 카스틸로 수프리모 워시드']"
295,밸런스&묵직한,중배전 블렌드,"15,000원
200g","['매주 화, 수, 목, 금, 토 로스팅', '약한 산미', '블렌드', '미디엄 다크 로스팅', '공정 무역']","['핸드드립', '모카포트', '에스프레소머신', '블랙 그대로', '우유 넣은 라떼', '설탕 넣어서']","['인도네시아 타켕온 잔퉁 팀팀 웻 훌링', '케냐 오타야 니에리 AA+ 워시드', '과테말라 안티구아 SHB EP 워시드', '브라질 세라도 판타노 NY23 BSCA 옐로우 버본 내추럴']"
296,밸런스&깔끔한,싸우스폴 블렌드,"14,000원
200g","['매주 월, 화, 수, 목, 금 로스팅', '산미가 없어요', '블렌드', '미디엄 다크 로스팅']","['에스프레소머신', '모카포트', '콜드브루', '블랙 그대로', '우유 넣은 라떼', '시럽 넣어서']","['브라질 카모', '인도네시아 자바 랑구르']"
297,달콤&부드러운,과테말라 웨웨테낭고 SHB 디카페인,"16,000원
200g","['매주 월, 화, 수, 목, 금 로스팅', '디카페인', '약한 산미', '싱글 오리진', '미디엄 다크 로스팅']","['에스프레소머신', '핸드드립', '커피메이커', '블랙 그대로', '우유 넣은 라떼']","['과테말라', '웨웨테낭고', '카투라 + 카투아이 + A-14']"
298,화사한&풍부한,BACS 시그니처 블렌드,"15,000원
200g","['매주 금, 토 로스팅', '새콤한 산미', '블렌드', '미디엄 로스팅']","['핸드드립', '에스프레소머신', '커피메이커', '우유 넣은 라떼', '설탕 넣어서', '시럽 넣어서']","['에티오피아 예가체프 워시드', '콜롬비아 후일라 워시드', '과테말라 안티구아 워시드']"
